Workbook

Sheet 📋 Tabela de Alimentos
B2: 📋 TABELA NUTRICIONAL DE ALIMENTOS — Fonte: TACO/UNICAMP · TBCA/USP
B3: Valores por 100g de alimento. Fonte: Tabela TACO 4ª Ed. (NEPA/UNICAMP) e TBCA/USP. Consulte sempre um nutricionista para orientação personalizada.
B5: Legenda de categorias:
B6: Alimento | C6: Categoria | D6: Kcal /100g | E6: Proteínas (g/100g) | F6: Carboidratos (g/100g) | G6: Gorduras (g/100g) | H6: Fibras (g/100g) | I6: Kcal por grama | J6: Observação / Fonte
B7: 🌾 Carboidratos / Cereais e Derivados
B8: Arroz branco cozido | C8: 🌾 Carboidratos / Cereais e Derivados | D8: 128 | E8: 2.5 | F8: 28.1 | G8: 0.2 | H8: 1.6 | I8: =D8/100 -> 1.28 | J8: TACO - porção 100g cozido
B9: Arroz integral cozido | C9: 🌾 Carboidratos / Cereais e Derivados | D9: 124 | E9: 2.6 | F9: 25.8 | G9: 1 | H9: 2.7 | I9: =D9/100 -> 1.24 | J9: TACO - mais fibras que o branco
B10: Macarrão cozido | C10: 🌾 Carboidratos / Cereais e Derivados | D10: 158 | E10: 4.8 | F10: 31.7 | G10: 0.8 | H10: 1.5 | I10: =D10/100 -> 1.58 | J10: TACO - sem molho
B11: Macarrão integral cozido | C11: 🌾 Carboidratos / Cereais e Derivados | D11: 141 | E11: 5.2 | F11: 28.6 | G11: 1.1 | H11: 3.2 | I11: =D11/100 -> 1.41 | J11: TACO - mais fibras
B12: Pão francês | C12: 🌾 Carboidratos / Cereais e Derivados | D12: 300 | E12: 8 | F12: 58.6 | G12: 3.1 | H12: 2.3 | I12: =D12/100 -> 3 | J12: TACO - 50g = 1 unidade
B13: Pão integral | C13: 🌾 Carboidratos / Cereais e Derivados | D13: 253 | E13: 8.8 | F13: 46.7 | G13: 3.5 | H13: 5.7 | I13: =D13/100 -> 2.53 | J13: TACO - fonte de fibras
B14: Aveia em flocos | C14: 🌾 Carboidratos / Cereais e Derivados | D14: 394 | E14: 13.9 | F14: 66.6 | G14: 8.5 | H14: 9.1 | I14: =D14/100 -> 3.94 | J14: TACO - excelente fibra solúvel
B15: Batata inglesa cozida | C15: 🌾 Carboidratos / Cereais e Derivados | D15: 87 | E15: 1.9 | F15: 19.7 | G15: 0.1 | H15: 1.8 | I15: =D15/100 -> 0.87 | J15: TACO - sem pele
B16: Batata doce cozida | C16: 🌾 Carboidratos / Cereais e Derivados | D16: 110 | E16: 1.4 | F16: 26 | G16: 0.1 | H16: 2.7 | I16: =D16/100 -> 1.1 | J16: TACO - índice glicêmico médio
B17: Mandioca cozida | C17: 🌾 Carboidratos / Cereais e Derivados | D17: 149 | E17: 0.9 | F17: 35.3 | G17: 0.3 | H17: 1.9 | I17: =D17/100 -> 1.49 | J17: TACO - aipim/macaxeira
B18: Tapioca (goma) | C18: 🌾 Carboidratos / Cereais e Derivados | D18: 354 | E18: 0.1 | F18: 87.8 | G18: 0.3 | H18: 0.2 | I18: =D18/100 -> 3.54 | J18: TACO - alta em carboidrato
B19: Cuscuz de milho | C19: 🌾 Carboidratos / Cereais e Derivados | D19: 337 | E19: 8.1 | F19: 71.4 | G19: 1.2 | H19: 2.8 | I19: =D19/100 -> 3.37 | J19: TACO - seco
... B21: Granola | C21: 🌾 Carboidratos / Cereais e Derivados | D21: 398 | E21: 8.8 | F21: 66.4 | G21: 9.7 | H21: 5 | I21: =D21/100 -> 3.98 | J21: TACO - verificar açúcar
B23: 🥩 Proteínas Animais — Carnes e Peixes
B24: Frango filé grelhado | C24: 🥩 Proteínas Animais — Carnes e Peixes | D24: 163 | E24: 31.5 | F24: 0 | G24: 3.7 | H24: 0 | I24: =D24/100 -> 1.63 | J24: TACO - peito sem pele
B25: Frango coxa s/ pele grelhada | C25: 🥩 Proteínas Animais — Carnes e Peixes | D25: 215 | E25: 26.8 | F25: 0 | G25: 12 | H25: 0 | I25: =D25/100 -> 2.15 | J25: TACO - coxa sem pele
B26: Carne bovina patinho grelhado | C26: 🥩 Proteínas Animais — Carnes e Peixes | D26: 219 | E26: 35 | F26: 0 | G26: 8.5 | H26: 0 | I26: =D26/100 -> 2.19 | J26: TACO - corte magro
B27: Carne bovina alcatra grelhada | C27: 🥩 Proteínas Animais — Carnes e Peixes | D27: 237 | E27: 32.8 | F27: 0 | G27: 11.4 | H27: 0 | I27: =D27/100 -> 2.37 | J27: TACO
B28: Tilápia grelhada | C28: 🥩 Proteínas Animais — Carnes e Peixes | D28: 128 | E28: 26.2 | F28: 0 | G28: 2.6 | H28: 0 | I28: =D28/100 -> 1.28 | J28: TACO - peixe magro
B29: Salmão assado | C29: 🥩 Proteínas Animais — Carnes e Peixes | D29: 246 | E29: 27.3 | F29: 0 | G29: 15 | H29: 0 | I29: =D29/100 -> 2.46 | J29: TACO - rico em ômega-3
B30: Atum em água (lata) | C30: 🥩 Proteínas Animais — Carnes e Peixes | D30: 119 | E30: 26.3 | F30: 0 | G30: 1.3 | H30: 0 | I30: =D30/100 -> 1.19 | J30: TACO - sem óleo
B31: Sardinha assada | C31: 🥩 Proteínas Animais — Carnes e Peixes | D31: 270 | E31: 30.3 | F31: 0 | G31: 16 | H31: 0 | I31: =D31/100 -> 2.7 | J31: TACO - com osso
B32: Camarão cozido | C32: 🥩 Proteínas Animais — Carnes e Peixes | D32: 115 | E32: 24.4 | F32: 0 | G32: 1.5 | H32: 0 | I32: =D32/100 -> 1.15 | J32: TACO
B33: Ovo inteiro cozido | C33: 🥩 Proteínas Animais — Carnes e Peixes | D33: 146 | E33: 13.3 | F33: 0.6 | G33: 10 | H33: 0 | I33: =D33/100 -> 1.46 | J33: TACO - 1 ovo ≈ 50g
B34: Clara de ovo cozida | C34: 🥩 Proteínas Animais — Carnes e Peixes | D34: 52 | E34: 11.1 | F34: 0.8 | G34: 0.2 | H34: 0 | I34: =D34/100 -> 0.52 | J34: TACO - baixa caloria
B35: Bisteca suína grelhada | C35: 🥩 Proteínas Animais — Carnes e Peixes | D35: 280 | E35: 28.9 | F35: 0 | G35: 17.4 | H35: 0 | I35: =D35/100 -> 2.8 | J35: TACO
B36: Peito de peru fatiado | C36: 🥩 Proteínas Animais — Carnes e Peixes | D36: 109 | E36: 17.4 | F36: 1.9 | G36: 3.6 | H36: 0 | I36: =D36/100 -> 1.09 | J36: TACO — 1 fatia ≈ 15g = ~16 kcal. Baixo teor de gordura
B38: 🫘 Proteínas Vegetais — Leguminosas
B39: Feijão preto cozido | C39: 🫘 Proteínas Vegetais — Leguminosas | D39: 77 | E39: 4.5 | F39: 13.6 | G39: 0.5 | H39: 8.4 | I39: =D38/100 -> 0 | J39: TACO - rico em ferro
B40: Feijão carioca cozido | C40: 🫘 Proteínas Vegetais — Leguminosas | D40: 76 | E40: 4.8 | F40: 13 | G40: 0.5 | H40: 8.5 | I40: =D39/100 -> 0.77 | J40: TACO - mais consumido no BR
B41: Lentilha cozida | C41: 🫘 Proteínas Vegetais — Leguminosas | D41: 93 | E41: 6.3 | F41: 15.7 | G41: 0.5 | H41: 3.7 | I41: =D40/100 -> 0.76 | J41: TACO
B42: Grão-de-bico cozido | C42: 🫘 Proteínas Vegetais — Leguminosas | D42: 164 | E42: 9 | F42: 27.4 | G42: 2.6 | H42: 6 | I42: =D41/100 -> 0.93 | J42: TACO - proteína completa
B43: Ervilha cozida | C43: 🫘 Proteínas Vegetais — Leguminosas | D43: 95 | E43: 6.5 | F43: 16.8 | G43: 0.2 | H43: 6 | I43: =D42/100 -> 1.64 | J43: TACO
B44: Soja cozida | C44: 🫘 Proteínas Vegetais — Leguminosas | D44: 141 | E44: 13.6 | F44: 12.1 | G44: 5.7 | H44: 9 | I44: =D43/100 -> 0.95 | J44: TACO - proteína vegetal completa
B45: Tofu | C45: 🫘 Proteínas Vegetais — Leguminosas | D45: 68 | E45: 6.6 | F45: 1.2 | G45: 4.2 | H45: 0.3 | I45: =D44/100 -> 1.41 | J45: TBCA/USP - proteína vegetal
B46: Edamame cozido | C46: 🫘 Proteínas Vegetais — Leguminosas | D46: 122 | E46: 11.9 | F46: 8.9 | G46: 5.2 | H46: 5.2 | I46: =D45/100 -> 0.68 | J46: TBCA/USP - soja verde
B48: 🥛 Laticínios e Ovos
B49: Leite integral | C49: 🥛 Laticínios e Ovos | D49: 61 | E49: 3.2 | F49: 4.7 | G49: 3.2 | H49: 0 | I49: =D48/100 -> 0 | J49: TACO
B50: Leite desnatado | C50: 🥛 Laticínios e Ovos | D50: 35 | E50: 3.5 | F50: 5.1 | G50: 0.2 | H50: 0 | I50: =D49/100 -> 0.61 | J50: TACO - menos gordura
B51: Iogurte natural integral | C51: 🥛 Laticínios e Ovos | D51: 74 | E51: 4.3 | F51: 4.8 | G51: 4 | H51: 0 | I51: =D50/100 -> 0.35 | J51: TACO
B52: Iogurte grego natural | C52: 🥛 Laticínios e Ovos | D52: 97 | E52: 9 | F52: 3.6 | G52: 5 | H52: 0 | I52: =D51/100 -> 0.74 | J52: TBCA - proteína alta
B53: Queijo cottage | C53: 🥛 Laticínios e Ovos | D53: 97 | E53: 11.1 | F53: 2.7 | G53: 4.3 | H53: 0 | I53: =D52/100 -> 0.97 | J53: TACO
B54: Queijo mussarela | C54: 🥛 Laticínios e Ovos | D54: 289 | E54: 18 | F54: 2.6 | G54: 22.9 | H54: 0 | I54: =D53/100 -> 0.97 | J54: TACO
B55: Queijo parmesão | C55: 🥛 Laticínios e Ovos | D55: 452 | E55: 35.8 | F55: 4 | G55: 32.7 | H55: 0 | I55: =D54/100 -> 2.89 | J55: TACO - alto cálcio
B56: Cream cheese | C56: 🥛 Laticínios e Ovos | D56: 350 | E56: 5.8 | F56: 4.1 | G56: 34.9 | H56: 0 | I56: =D55/100 -> 4.52 | J56: TACO
B57: Requeijão light | C57: 🥛 Laticínios e Ovos | D57: 152 | E57: 7.5 | F57: 3.2 | G57: 12 | H57: 0 | I57: =D56/100 -> 3.5 | J57: TACO — aprox. 152kcal/100g. 15g = ~23 kcal
B59: 🥗 Saladas e Folhosos
B60: Alface crespa crua | C60: 🥗 Saladas e Folhosos | D60: 11 | E60: 1.3 | F60: 1.7 | G60: 0.2 | H60: 1.8 | I60: =D58/100 -> 0 | J60: TACO - base de saladas
B61: Alface americana crua | C61: 🥗 Saladas e Folhosos | D61: 12 | E61: 1.1 | F61: 2.1 | G61: 0.2 | H61: 1.5 | I61: =D59/100 -> 0 | J61: TACO
B62: Rúcula crua | C62: 🥗 Saladas e Folhosos | D62: 25 | E62: 2.6 | F62: 3.7 | G62: 0.4 | H62: 1.6 | I62: =D60/100 -> 0.11 | J62: TACO - rica em cálcio
B63: Espinafre cru | C63: 🥗 Saladas e Folhosos | D63: 24 | E63: 2.2 | F63: 3.6 | G63: 0.3 | H63: 2.5 | I63: =D61/100 -> 0.12 | J63: TACO - rico em ferro
B64: Repolho cru | C64: 🥗 Saladas e Folhosos | D64: 22 | E64: 1.3 | F64: 4.1 | G64: 0.1 | H64: 1.9 | I64: =D62/100 -> 0.25 | J64: TACO
B65: Acelga crua | C65: 🥗 Saladas e Folhosos | D65: 16 | E65: 1.5 | F65: 2.6 | G65: 0.1 | H65: 1.6 | I65: =D63/100 -> 0.24 | J65: TACO
B66: Agrião cru | C66: 🥗 Saladas e Folhosos | D66: 22 | E66: 2.3 | F66: 3.3 | G66: 0.2 | H66: 1 | I66: =D64/100 -> 0.22 | J66: TACO
B67: Couve crua | C67: 🥗 Saladas e Folhosos | D67: 45 | E67: 3.8 | F67: 7.7 | G67: 0.5 | H67: 3.2 | I67: =D65/100 -> 0.16 | J67: TACO - rica em ferro e cálcio
B68: Tomate cru | C68: 🥗 Saladas e Folhosos | D68: 18 | E68: 0.9 | F68: 3.5 | G68: 0.2 | H68: 1.2 | I68: =D66/100 -> 0.22 | J68: TACO - licopeno
B69: Pepino cru | C69: 🥗 Saladas e Folhosos | D69: 13 | E69: 0.7 | F69: 2.7 | G69: 0.1 | H69: 0.5 | I69: =D67/100 -> 0.45 | J69: TACO - hidratante
B70: Cenoura crua | C70: 🥗 Saladas e Folhosos | D70: 34 | E70: 0.9 | F70: 7.7 | G70: 0.2 | H70: 3.2 | I70: =D68/100 -> 0.18 | J70: TACO - betacaroteno
B71: Beterraba crua | C71: 🥗 Saladas e Folhosos | D71: 43 | E71: 1.6 | F71: 9.3 | G71: 0.1 | H71: 2.8 | I71: =D69/100 -> 0.13 | J71: TACO
... B74: Alho cru | C74: 🥗 Saladas e Folhosos | D74: 131 | E74: 6.4 | F74: 26.4 | G74: 0.5 | H74: 4.1 | I74: =D72/100 -> 0.2 | J74: TACO - antioxidante
B76: 🥦 Legumes e Verduras Cozidas
B77: Brócolis cozido | C77: 🥦 Legumes e Verduras Cozidas | D77: 22 | E77: 2.6 | F77: 3.5 | G77: 0.3 | H77: 3 | I77: =D75/100 -> 0 | J77: TACO - vitamina C e K
B78: Couve-flor cozida | C78: 🥦 Legumes e Verduras Cozidas | D78: 23 | E78: 2.2 | F78: 3.9 | G78: 0.2 | H78: 2.2 | I78: =D76/100 -> 0 | J78: TACO
B79: Abobrinha cozida | C79: 🥦 Legumes e Verduras Cozidas | D79: 12 | E79: 0.8 | F79: 2.3 | G79: 0.1 | H79: 1.1 | I79: =D77/100 -> 0.22 | J79: TACO - baixa caloria
B80: Berinjela cozida | C80: 🥦 Legumes e Verduras Cozidas | D80: 17 | E80: 0.8 | F80: 3.7 | G80: 0.1 | H80: 2.7 | I80: =D78/100 -> 0.23 | J80: TACO
B81: Chuchu cozido | C81: 🥦 Legumes e Verduras Cozidas | D81: 17 | E81: 0.7 | F81: 3.8 | G81: 0.1 | H81: 1.4 | I81: =D79/100 -> 0.12 | J81: TACO
B82: Vagem cozida | C82: 🥦 Legumes e Verduras Cozidas | D82: 31 | E82: 2 | F82: 5.9 | G82: 0.2 | H82: 3.1 | I82: =D80/100 -> 0.17 | J82: TACO
B83: Pimentão vermelho cru | C83: 🥦 Legumes e Verduras Cozidas | D83: 28 | E83: 1 | F83: 6.1 | G83: 0.3 | H83: 2.1 | I83: =D81/100 -> 0.17 | J83: TACO - rico em vit C
B84: Pimentão verde cru | C84: 🥦 Legumes e Verduras Cozidas | D84: 21 | E84: 0.9 | F84: 4.4 | G84: 0.2 | H84: 1.9 | I84: =D82/100 -> 0.31 | J84: TACO
B85: Milho cozido | C85: 🥦 Legumes e Verduras Cozidas | D85: 86 | E85: 2.7 | F85: 19.2 | G85: 1 | H85: 2.4 | I85: =D83/100 -> 0.28 | J85: TACO
B86: Mandioquinha cozida | C86: 🥦 Legumes e Verduras Cozidas | D86: 92 | E86: 1.1 | F86: 21.7 | G86: 0.4 | H86: 1.8 | I86: =D84/100 -> 0.21 | J86: TACO - batata baroa
B87: Abóbora cozida | C87: 🥦 Legumes e Verduras Cozidas | D87: 26 | E87: 0.7 | F87: 6 | G87: 0.1 | H87: 2 | I87: =D85/100 -> 0.86 | J87: TACO
B88: Palmito cozido | C88: 🥦 Legumes e Verduras Cozidas | D88: 28 | E88: 2.3 | F88: 5.2 | G88: 0.3 | H88: 2.7 | I88: =D86/100 -> 0.92 | J88: TACO
B90: 🍎 Frutas
B91: Banana nanica | C91: 🍎 Frutas | D91: 92 | E91: 1.3 | F91: 23.8 | G91: 0.1 | H91: 1.9 | I91: =D89/100 -> 0 | J91: TACO - energia rápida
B92: Banana prata | C92: 🍎 Frutas | D92: 99 | E92: 1.4 | F92: 25.6 | G92: 0.1 | H92: 2 | I92: =D90/100 -> 0 | J92: TACO
B93: Maçã com casca | C93: 🍎 Frutas | D93: 56 | E93: 0.3 | F93: 14.9 | G93: 0.1 | H93: 1.8 | I93: =D91/100 -> 0.92 | J93: TACO - fibras na casca
B94: Laranja pera | C94: 🍎 Frutas | D94: 46 | E94: 0.9 | F94: 11.5 | G94: 0.1 | H94: 2.2 | I94: =D92/100 -> 0.99 | J94: TACO - vitamina C
B95: Melão | C95: 🍎 Frutas | D95: 29 | E95: 0.7 | F95: 7.4 | G95: 0.1 | H95: 0.3 | I95: =D93/100 -> 0.56 | J95: TACO - baixa caloria
B96: Melancia | C96: 🍎 Frutas | D96: 33 | E96: 0.7 | F96: 8 | G96: 0.2 | H96: 0.3 | I96: =D94/100 -> 0.46 | J96: TACO - hidratante
B97: Mamão papaya | C97: 🍎 Frutas | D97: 45 | E97: 0.5 | F97: 11.9 | G97: 0.1 | H97: 1.8 | I97: =D95/100 -> 0.29 | J97: TACO - digestivo
B98: Manga espada | C98: 🍎 Frutas | D98: 64 | E98: 0.6 | F98: 16.9 | G98: 0.3 | H98: 1.4 | I98: =D96/100 -> 0.33 | J98: TACO - betacaroteno
B99: Abacaxi | C99: 🍎 Frutas | D99: 48 | E99: 0.9 | F99: 12.3 | G99: 0.1 | H99: 1 | I99: =D97/100 -> 0.45 | J99: TACO - bromelina
B100: Morango | C100: 🍎 Frutas | D100: 30 | E100: 0.8 | F100: 7.1 | G100: 0.3 | H100: 2.1 | I100: =D98/100 -> 0.64 | J100: TACO - antioxidante
B101: Uva niagara | C101: 🍎 Frutas | D101: 70 | E101: 0.9 | F101: 17.5 | G101: 0.4 | H101: 0.9 | I101: =D99/100 -> 0.48 | J101: TACO
B102: Kiwi | C102: 🍎 Frutas | D102: 61 | E102: 1.1 | F102: 14.7 | G102: 0.6 | H102: 3 | I102: =D100/100 -> 0.3 | J102: TBCA - vitamina C
... B106: Maçã sem casca | C106: 🍎 Frutas | D106: 52 | E106: 0.2 | F106: 13.8 | G106: 0.2 | H106: 1.2 | I106: =D104/100 -> 3.54 | J106: TACO — 120g = ~62 kcal
B108: 💧 Bebidas
B109: Água | C109: 💧 Bebidas | D109: 0 | E109: 0 | F109: 0 | G109: 0 | H109: 0 | I109: =D106/100 -> 0.52 | J109: Fundamental - beba 2L/dia
B110: Água de coco natural | C110: 💧 Bebidas | D110: 22 | E110: 0.7 | F110: 5.3 | G110: 0.2 | H110: 0 | I110: =D107/100 -> 0 | J110: TACO - eletrólitos
B111: Suco de laranja natural | C111: 💧 Bebidas | D111: 45 | E111: 0.7 | F111: 10.7 | G111: 0.2 | H111: 0.4 | I111: =D108/100 -> 0 | J111: TACO - sem açúcar
B112: Suco de limão natural | C112: 💧 Bebidas | D112: 29 | E112: 0.9 | F112: 7 | G112: 0.4 | H112: 0.3 | I112: =D109/100 -> 0 | J112: TACO - vitamina C
B113: Leite de amêndoas | C113: 💧 Bebidas | D113: 24 | E113: 0.6 | F113: 3.1 | G113: 1 | H113: 0.5 | I113: =D110/100 -> 0.22 | J113: TBCA - alternativa vegetal
B114: Leite de aveia | C114: 💧 Bebidas | D114: 48 | E114: 1.3 | F114: 9 | G114: 0.8 | H114: 1 | I114: =D111/100 -> 0.45 | J114: TBCA
B115: Chá verde (infusão) | C115: 💧 Bebidas | D115: 1 | E115: 0.2 | F115: 0.2 | G115: 0 | H115: 0 | I115: =D112/100 -> 0.29 | J115: TACO - antioxidante
...

Sheet 🍽️ Plano do Dia
B2: 🍽️ PLANO ALIMENTAR DIÁRIO — CONTROLE DE CALORIAS E MACROS
B3: Digite o nome do alimento na coluna C e a porção (g) na coluna E. Os valores nutricionais são calculados automaticamente via VLOOKUP na tabela de referência.
B4: ⚙️ CONFIGURAÇÕES DO DIA | E4: Meta Calórica (kcal): | F4: 2000 | G4: Peso Corporal (kg): | H4: 70 | I4: Objetivo: | J4: Emagrecimento
B5: 💊 Necessidade Proteica (g/kg × peso): | E5: Fator prot (g/kg): | F5: 1.8 | G5: Meta prot (g): | H5: =H4*F5 -> 126 | I5: Meta carbs (g): | J5: =F4*0.5/4 -> 250
B7: # | C7: Alimento | D7: Refeição | E7: Porção (g) | F7: Calorias (kcal) | G7: Proteínas (g) | H7: Carboidratos (g) | I7: Gorduras (g) | J7: Fibras (g) | K7: % Meta Calórica | L7: Medida Ref.
B8: ☀️ Café da Manhã
B9: 1 | C9: Café sem açúcar | D9: ☀️ Café da Manhã | E9: 200 | F9: =IFERROR(VLOOKUP(C9,'📋 Tabela de Alimentos'!$B$7:$J$300,3,0)*E9/100,0) -> 4 | G9: =IFERROR(VLOOKUP(C9,'📋 Tabela de Alimentos'!$B$7:$J$300,4,0)*E9/100,0) -> 0.6 | H9: =IFERROR(VLOOKUP(C9,'📋 Tabela de Alimentos'!$B$7:$J$300,5,0)*E9/100,0) -> 0 | I9: =IFERROR(VLOOKUP(C9,'📋 Tabela de Alimentos'!$B$7:$J$300,6,0)*E9/100,0) -> 0 | J9: =IFERROR(VLOOKUP(C9,'📋 Tabela de Alimentos'!$B$7:$J$300,7,0)*E9/100,0) -> 0 | K9: =IFERROR(F9/$F$4,0) -> 0.002 | L9: 200ml
B10: 2 | C10: Pão francês | D10: ☀️ Café da Manhã | E10: 50 | F10: =IFERROR(VLOOKUP(C10,'📋 Tabela de Alimentos'!$B$7:$J$300,3,0)*E10/100,0) -> 150 | G10: =IFERROR(VLOOKUP(C10,'📋 Tabela de Alimentos'!$B$7:$J$300,4,0)*E10/100,0) -> 4 | H10: =IFERROR(VLOOKUP(C10,'📋 Tabela de Alimentos'!$B$7:$J$300,5,0)*E10/100,0) -> 29.3 | I10: =IFERROR(VLOOKUP(C10,'📋 Tabela de Alimentos'!$B$7:$J$300,6,0)*E10/100,0) -> 1.55 | J10: =IFERROR(VLOOKUP(C10,'📋 Tabela de Alimentos'!$B$7:$J$300,7,0)*E10/100,0) -> 1.15 | K10: =IFERROR(F10/$F$4,0) -> 0.075 | L10: 50g = 1 unidade
B11: 3 | C11: Requeijão light | D11: ☀️ Café da Manhã | E11: 15 | F11: =IFERROR(VLOOKUP(C11,'📋 Tabela de Alimentos'!$B$7:$J$300,3,0)*E11/100,0) -> 22.8 | G11: =IFERROR(VLOOKUP(C11,'📋 Tabela de Alimentos'!$B$7:$J$300,4,0)*E11/100,0) -> 1.125 | H11: =IFERROR(VLOOKUP(C11,'📋 Tabela de Alimentos'!$B$7:$J$300,5,0)*E11/100,0) -> 0.48 | I11: =IFERROR(VLOOKUP(C11,'📋 Tabela de Alimentos'!$B$7:$J$300,6,0)*E11/100,0) -> 1.8 | J11: =IFERROR(VLOOKUP(C11,'📋 Tabela de Alimentos'!$B$7:$J$300,7,0)*E11/100,0) -> 0 | K11: =IFERROR(F11/$F$4,0) -> 0.0114 | L11: ~1 col. sopa cheia
B12: 4 | C12: Queijo mussarela | D12: ☀️ Café da Manhã | E12: 20 | F12: =IFERROR(VLOOKUP(C12,'📋 Tabela de Alimentos'!$B$7:$J$300,3,0)*E12/100,0) -> 57.8 | G12: =IFERROR(VLOOKUP(C12,'📋 Tabela de Alimentos'!$B$7:$J$300,4,0)*E12/100,0) -> 3.6 | H12: =IFERROR(VLOOKUP(C12,'📋 Tabela de Alimentos'!$B$7:$J$300,5,0)*E12/100,0) -> 0.52 | I12: =IFERROR(VLOOKUP(C12,'📋 Tabela de Alimentos'!$B$7:$J$300,6,0)*E12/100,0) -> 4.58 | J12: =IFERROR(VLOOKUP(C12,'📋 Tabela de Alimentos'!$B$7:$J$300,7,0)*E12/100,0) -> 0 | K12: =IFERROR(F12/$F$4,0) -> 0.0289 | L12: 1 fatia fina
B13: 5 | C13: Peito de peru fatiado | D13: ☀️ Café da Manhã | E13: 15 | F13: =IFERROR(VLOOKUP(C13,'📋 Tabela de Alimentos'!$B$7:$J$300,3,0)*E13/100,0) -> 16.35 | G13: =IFERROR(VLOOKUP(C13,'📋 Tabela de Alimentos'!$B$7:$J$300,4,0)*E13/100,0) -> 2.61 | H13: =IFERROR(VLOOKUP(C13,'📋 Tabela de Alimentos'!$B$7:$J$300,5,0)*E13/100,0) -> 0.285 | I13: =IFERROR(VLOOKUP(C13,'📋 Tabela de Alimentos'!$B$7:$J$300,6,0)*E13/100,0) -> 0.54 | J13: =IFERROR(VLOOKUP(C13,'📋 Tabela de Alimentos'!$B$7:$J$300,7,0)*E13/100,0) -> 0 | K13: =IFERROR(F13/$F$4,0) -> 0.008175 | L13: 1 fatia
B14: 6 | C14: Ovo inteiro cozido | D14: ☀️ Café da Manhã | E14: 100 | F14: =IFERROR(VLOOKUP(C14,'📋 Tabela de Alimentos'!$B$7:$J$300,3,0)*E14/100,0) -> 146 | G14: =IFERROR(VLOOKUP(C14,'📋 Tabela de Alimentos'!$B$7:$J$300,4,0)*E14/100,0) -> 13.3 | H14: =IFERROR(VLOOKUP(C14,'📋 Tabela de Alimentos'!$B$7:$J$300,5,0)*E14/100,0) -> 0.6 | I14: =IFERROR(VLOOKUP(C14,'📋 Tabela de Alimentos'!$B$7:$J$300,6,0)*E14/100,0) -> 10 | J14: =IFERROR(VLOOKUP(C14,'📋 Tabela de Alimentos'!$B$7:$J$300,7,0)*E14/100,0) -> 0 | K14: =IFERROR(F14/$F$4,0) -> 0.073 | L14: 2 ovos ≈ 100g
B15: 7 | C15: Maçã com casca | D15: ☀️ Café da Manhã | E15: 120 | F15: =IFERROR(VLOOKUP(C15,'📋 Tabela de Alimentos'!$B$7:$J$300,3,0)*E15/100,0) -> 67.2 | G15: =IFERROR(VLOOKUP(C15,'📋 Tabela de Alimentos'!$B$7:$J$300,4,0)*E15/100,0) -> 0.36 | H15: =IFERROR(VLOOKUP(C15,'📋 Tabela de Alimentos'!$B$7:$J$300,5,0)*E15/100,0) -> 17.88 | I15: =IFERROR(VLOOKUP(C15,'📋 Tabela de Alimentos'!$B$7:$J$300,6,0)*E15/100,0) -> 0.12 | J15: =IFERROR(VLOOKUP(C15,'📋 Tabela de Alimentos'!$B$7:$J$300,7,0)*E15/100,0) -> 2.16 | K15: =IFERROR(F15/$F$4,0) -> 0.0336 | L15: 1 maçã média
B16: 8 | C16: Creatina monohidratada | D16: ☀️ Café da Manhã | E16: 6 | F16: =IFERROR(VLOOKUP(C16,'📋 Tabela de Alimentos'!$B$7:$J$300,3,0)*E16/100,0) -> 0 | G16: =IFERROR(VLOOKUP(C16,'📋 Tabela de Alimentos'!$B$7:$J$300,4,0)*E16/100,0) -> 0 | H16: =IFERROR(VLOOKUP(C16,'📋 Tabela de Alimentos'!$B$7:$J$300,5,0)*E16/100,0) -> 0 | I16: =IFERROR(VLOOKUP(C16,'📋 Tabela de Alimentos'!$B$7:$J$300,6,0)*E16/100,0) -> 0 | J16: =IFERROR(VLOOKUP(C16,'📋 Tabela de Alimentos'!$B$7:$J$300,7,0)*E16/100,0) -> 0 | K16: =IFERROR(F16/$F$4,0) -> 0 | L16: 6g (2 doses)
B17: 🍌 Lanche da Manhã
B18: 9 | C18: Maçã com casca | D18: 🍌 Lanche da Manhã | E18: 130 | F18: =IFERROR(VLOOKUP(C15,'📋 Tabela de Alimentos'!$B$7:$J$203,3,0)*E15/100,0) -> 67.2 | G18: =IFERROR(VLOOKUP(C15,'📋 Tabela de Alimentos'!$B$7:$J$203,4,0)*E15/100,0) -> 0.36 | H18: =IFERROR(VLOOKUP(C15,'📋 Tabela de Alimentos'!$B$7:$J$203,5,0)*E15/100,0) -> 17.88 | I18: =IFERROR(VLOOKUP(C15,'📋 Tabela de Alimentos'!$B$7:$J$203,6,0)*E15/100,0) -> 0.12 | J18: =IFERROR(VLOOKUP(C15,'📋 Tabela de Alimentos'!$B$7:$J$203,7,0)*E15/100,0) -> 2.16 | K18: =IFERROR(F15/$F$4,0) -> 0.0336
B19: 10 | C19: Pasta de amendoim integral | D19: 🍌 Lanche da Manhã | E19: 20 | F19: =IFERROR(VLOOKUP(C16,'📋 Tabela de Alimentos'!$B$7:$J$203,3,0)*E16/100,0) -> 0 | G19: =IFERROR(VLOOKUP(C16,'📋 Tabela de Alimentos'!$B$7:$J$203,4,0)*E16/100,0) -> 0 | H19: =IFERROR(VLOOKUP(C16,'📋 Tabela de Alimentos'!$B$7:$J$203,5,0)*E16/100,0) -> 0 | I19: =IFERROR(VLOOKUP(C16,'📋 Tabela de Alimentos'!$B$7:$J$203,6,0)*E16/100,0) -> 0 | J19: =IFERROR(VLOOKUP(C16,'📋 Tabela de Alimentos'!$B$7:$J$203,7,0)*E16/100,0) -> 0 | K19: =IFERROR(F16/$F$4,0) -> 0
B20: 🥃 Almoço
B21: 11 | C21: Arroz integral cozido | D21: 🥃 Almoço | E21: 120 | F21: =IFERROR(VLOOKUP(C18,'📋 Tabela de Alimentos'!$B$7:$J$203,3,0)*E18/100,0) -> 72.8 | G21: =IFERROR(VLOOKUP(C18,'📋 Tabela de Alimentos'!$B$7:$J$203,4,0)*E18/100,0) -> 0.39 | H21: =IFERROR(VLOOKUP(C18,'📋 Tabela de Alimentos'!$B$7:$J$203,5,0)*E18/100,0) -> 19.37 | I21: =IFERROR(VLOOKUP(C18,'📋 Tabela de Alimentos'!$B$7:$J$203,6,0)*E18/100,0) -> 0.13 | J21: =IFERROR(VLOOKUP(C18,'📋 Tabela de Alimentos'!$B$7:$J$203,7,0)*E18/100,0) -> 2.34 | K21: =IFERROR(F18/$F$4,0) -> 0.0336
B22: 12 | C22: Feijão carioca cozido | D22: 🥃 Almoço | E22: 80 | F22: =IFERROR(VLOOKUP(C19,'📋 Tabela de Alimentos'!$B$7:$J$203,3,0)*E19/100,0) -> 118.6 | G22: =IFERROR(VLOOKUP(C19,'📋 Tabela de Alimentos'!$B$7:$J$203,4,0)*E19/100,0) -> 5.66 | H22: =IFERROR(VLOOKUP(C19,'📋 Tabela de Alimentos'!$B$7:$J$203,5,0)*E19/100,0) -> 3.98 | I22: =IFERROR(VLOOKUP(C19,'📋 Tabela de Alimentos'!$B$7:$J$203,6,0)*E19/100,0) -> 9.84 | J22: =IFERROR(VLOOKUP(C19,'📋 Tabela de Alimentos'!$B$7:$J$203,7,0)*E19/100,0) -> 1.5 | K22: =IFERROR(F19/$F$4,0) -> 0
B23: 13 | C23: Frango filé grelhado | D23: 🥃 Almoço | E23: 120 | F23: =IFERROR(VLOOKUP(C20,'📋 Tabela de Alimentos'!$B$7:$J$203,3,0)*E20/100,0) -> 0 | G23: =IFERROR(VLOOKUP(C20,'📋 Tabela de Alimentos'!$B$7:$J$203,4,0)*E20/100,0) -> 0 | H23: =IFERROR(VLOOKUP(C20,'📋 Tabela de Alimentos'!$B$7:$J$203,5,0)*E20/100,0) -> 0 | I23: =IFERROR(VLOOKUP(C20,'📋 Tabela de Alimentos'!$B$7:$J$203,6,0)*E20/100,0) -> 0 | J23: =IFERROR(VLOOKUP(C20,'📋 Tabela de Alimentos'!$B$7:$J$203,7,0)*E20/100,0) -> 0 | K23: =IFERROR(F20/$F$4,0) -> 0
B24: 14 | C24: Brócolis cozido | D24: 🥃 Almoço | E24: 80 | F24: =IFERROR(VLOOKUP(C21,'📋 Tabela de Alimentos'!$B$7:$J$203,3,0)*E21/100,0) -> 148.8 | G24: =IFERROR(VLOOKUP(C21,'📋 Tabela de Alimentos'!$B$7:$J$203,4,0)*E21/100,0) -> 3.12 | H24: =IFERROR(VLOOKUP(C21,'📋 Tabela de Alimentos'!$B$7:$J$203,5,0)*E21/100,0) -> 30.96 | I24: =IFERROR(VLOOKUP(C21,'📋 Tabela de Alimentos'!$B$7:$J$203,6,0)*E21/100,0) -> 1.2 | J24: =IFERROR(VLOOKUP(C21,'📋 Tabela de Alimentos'!$B$7:$J$203,7,0)*E21/100,0) -> 3.24 | K24: =IFERROR(F21/$F$4,0) -> 0.0364
B25: 15 | C25: Cenoura crua | D25: 🥃 Almoço | E25: 30 | F25: =IFERROR(VLOOKUP(C22,'📋 Tabela de Alimentos'!$B$7:$J$203,3,0)*E22/100,0) -> 60.8 | G25: =IFERROR(VLOOKUP(C22,'📋 Tabela de Alimentos'!$B$7:$J$203,4,0)*E22/100,0) -> 3.84 | H25: =IFERROR(VLOOKUP(C22,'📋 Tabela de Alimentos'!$B$7:$J$203,5,0)*E22/100,0) -> 10.4 | I25: =IFERROR(VLOOKUP(C22,'📋 Tabela de Alimentos'!$B$7:$J$203,6,0)*E22/100,0) -> 0.4 | J25: =IFERROR(VLOOKUP(C22,'📋 Tabela de Alimentos'!$B$7:$J$203,7,0)*E22/100,0) -> 6.8 | K25: =IFERROR(F22/$F$4,0) -> 0.0593
B26: 16 | C26: Azeite de oliva extra virgem | D26: 🥃 Almoço | E26: 8 | F26: =IFERROR(VLOOKUP(C23,'📋 Tabela de Alimentos'!$B$7:$J$203,3,0)*E23/100,0) -> 195.6 | G26: =IFERROR(VLOOKUP(C23,'📋 Tabela de Alimentos'!$B$7:$J$203,4,0)*E23/100,0) -> 37.8 | H26: =IFERROR(VLOOKUP(C23,'📋 Tabela de Alimentos'!$B$7:$J$203,5,0)*E23/100,0) -> 0 | I26: =IFERROR(VLOOKUP(C23,'📋 Tabela de Alimentos'!$B$7:$J$203,6,0)*E23/100,0) -> 4.44 | J26: =IFERROR(VLOOKUP(C23,'📋 Tabela de Alimentos'!$B$7:$J$203,7,0)*E23/100,0) -> 0 | K26: =IFERROR(F23/$F$4,0) -> 0
B27: 17 | C27: Laranja pera | D27: 🥃 Almoço | E27: 130 | F27: =IFERROR(VLOOKUP(C24,'📋 Tabela de Alimentos'!$B$7:$J$203,3,0)*E24/100,0) -> 17.6 | G27: =IFERROR(VLOOKUP(C24,'📋 Tabela de Alimentos'!$B$7:$J$203,4,0)*E24/100,0) -> 2.08 | H27: =IFERROR(VLOOKUP(C24,'📋 Tabela de Alimentos'!$B$7:$J$203,5,0)*E24/100,0) -> 2.8 | I27: =IFERROR(VLOOKUP(C24,'📋 Tabela de Alimentos'!$B$7:$J$203,6,0)*E24/100,0) -> 0.24 | J27: =IFERROR(VLOOKUP(C24,'📋 Tabela de Alimentos'!$B$7:$J$203,7,0)*E24/100,0) -> 2.4 | K27: =IFERROR(F24/$F$4,0) -> 0.0744
B28: 🍵 Lanche da Tarde
B29: 18 | C29: Pão integral | D29: 🍵 Lanche da Tarde | E29: 50 | F29: =IFERROR(VLOOKUP(C26,'📋 Tabela de Alimentos'!$B$7:$J$203,3,0)*E26/100,0) -> 70.72 | G29: =IFERROR(VLOOKUP(C26,'📋 Tabela de Alimentos'!$B$7:$J$203,4,0)*E26/100,0) -> 0 | H29: =IFERROR(VLOOKUP(C26,'📋 Tabela de Alimentos'!$B$7:$J$203,5,0)*E26/100,0) -> 0 | I29: =IFERROR(VLOOKUP(C26,'📋 Tabela de Alimentos'!$B$7:$J$203,6,0)*E26/100,0) -> 8 | J29: =IFERROR(VLOOKUP(C26,'📋 Tabela de Alimentos'!$B$7:$J$203,7,0)*E26/100,0) -> 0 | K29: =IFERROR(F26/$F$4,0) -> 0.0978
B30: 19 | C30: Queijo cottage | D30: 🍵 Lanche da Tarde | E30: 50 | F30: =IFERROR(VLOOKUP(C27,'📋 Tabela de Alimentos'!$B$7:$J$203,3,0)*E27/100,0) -> 59.8 | G30: =IFERROR(VLOOKUP(C27,'📋 Tabela de Alimentos'!$B$7:$J$203,4,0)*E27/100,0) -> 1.17 | H30: =IFERROR(VLOOKUP(C27,'📋 Tabela de Alimentos'!$B$7:$J$203,5,0)*E27/100,0) -> 14.95 | I30: =IFERROR(VLOOKUP(C27,'📋 Tabela de Alimentos'!$B$7:$J$203,6,0)*E27/100,0) -> 0.13 | J30: =IFERROR(VLOOKUP(C27,'📋 Tabela de Alimentos'!$B$7:$J$203,7,0)*E27/100,0) -> 2.86 | K30: =IFERROR(F27/$F$4,0) -> 0.0088
B31: 20 | C31: Morango | D31: 🍵 Lanche da Tarde | E31: 80 | F31: =IFERROR(VLOOKUP(C28,'📋 Tabela de Alimentos'!$B$7:$J$203,3,0)*E28/100,0) -> 0 | G31: =IFERROR(VLOOKUP(C28,'📋 Tabela de Alimentos'!$B$7:$J$203,4,0)*E28/100,0) -> 0 | H31: =IFERROR(VLOOKUP(C28,'📋 Tabela de Alimentos'!$B$7:$J$203,5,0)*E28/100,0) -> 0 | I31: =IFERROR(VLOOKUP(C28,'📋 Tabela de Alimentos'!$B$7:$J$203,6,0)*E28/100,0) -> 0 | J31: =IFERROR(VLOOKUP(C28,'📋 Tabela de Alimentos'!$B$7:$J$203,7,0)*E28/100,0) -> 0 | K31: =IFERROR(F28/$F$4,0) -> 0
B32: 21 | C32: Chá verde (infusão) | D32: 🍵 Lanche da Tarde | E32: 200 | F32: =IFERROR(VLOOKUP(C29,'📋 Tabela de Alimentos'!$B$7:$J$203,3,0)*E29/100,0) -> 126.5 | G32: =IFERROR(VLOOKUP(C29,'📋 Tabela de Alimentos'!$B$7:$J$203,4,0)*E29/100,0) -> 4.4 | H32: =IFERROR(VLOOKUP(C29,'📋 Tabela de Alimentos'!$B$7:$J$203,5,0)*E29/100,0) -> 23.35 | I32: =IFERROR(VLOOKUP(C29,'📋 Tabela de Alimentos'!$B$7:$J$203,6,0)*E29/100,0) -> 1.75 | J32: =IFERROR(VLOOKUP(C29,'📋 Tabela de Alimentos'!$B$7:$J$203,7,0)*E29/100,0) -> 2.85 | K32: =IFERROR(F29/$F$4,0) -> 0.03536
B33: 🌙 Jantar
B34: 22 | C34: Tilápia grelhada | D34: 🌙 Jantar | E34: 130 | F34: =IFERROR(VLOOKUP(C31,'📋 Tabela de Alimentos'!$B$7:$J$203,3,0)*E31/100,0) -> 24 | G34: =IFERROR(VLOOKUP(C31,'📋 Tabela de Alimentos'!$B$7:$J$203,4,0)*E31/100,0) -> 0.64 | H34: =IFERROR(VLOOKUP(C31,'📋 Tabela de Alimentos'!$B$7:$J$203,5,0)*E31/100,0) -> 5.68 | I34: =IFERROR(VLOOKUP(C31,'📋 Tabela de Alimentos'!$B$7:$J$203,6,0)*E31/100,0) -> 0.24 | J34: =IFERROR(VLOOKUP(C31,'📋 Tabela de Alimentos'!$B$7:$J$203,7,0)*E31/100,0) -> 1.68 | K34: =IFERROR(F31/$F$4,0) -> 0
B35: 23 | C35: Batata doce cozida | D35: 🌙 Jantar | E35: 100 | F35: =IFERROR(VLOOKUP(C32,'📋 Tabela de Alimentos'!$B$7:$J$203,3,0)*E32/100,0) -> 2 | G35: =IFERROR(VLOOKUP(C32,'📋 Tabela de Alimentos'!$B$7:$J$203,4,0)*E32/100,0) -> 0.4 | H35: =IFERROR(VLOOKUP(C32,'📋 Tabela de Alimentos'!$B$7:$J$203,5,0)*E32/100,0) -> 0.4 | I35: =IFERROR(VLOOKUP(C32,'📋 Tabela de Alimentos'!$B$7:$J$203,6,0)*E32/100,0) -> 0 | J35: =IFERROR(VLOOKUP(C32,'📋 Tabela de Alimentos'!$B$7:$J$203,7,0)*E32/100,0) -> 0 | K35: =IFERROR(F32/$F$4,0) -> 0.06325
B36: 24 | C36: Abobrinha cozida | D36: 🌙 Jantar | E36: 80 | F36: =IFERROR(VLOOKUP(C33,'📋 Tabela de Alimentos'!$B$7:$J$203,3,0)*E33/100,0) -> 0 | G36: =IFERROR(VLOOKUP(C33,'📋 Tabela de Alimentos'!$B$7:$J$203,4,0)*E33/100,0) -> 0 | H36: =IFERROR(VLOOKUP(C33,'📋 Tabela de Alimentos'!$B$7:$J$203,5,0)*E33/100,0) -> 0 | I36: =IFERROR(VLOOKUP(C33,'📋 Tabela de Alimentos'!$B$7:$J$203,6,0)*E33/100,0) -> 0 | J36: =IFERROR(VLOOKUP(C33,'📋 Tabela de Alimentos'!$B$7:$J$203,7,0)*E33/100,0) -> 0 | K36: =IFERROR(F33/$F$4,0) -> 0
B37: 25 | C37: Espinafre cru | D37: 🌙 Jantar | E37: 40 | F37: =IFERROR(VLOOKUP(C34,'📋 Tabela de Alimentos'!$B$7:$J$203,3,0)*E34/100,0) -> 166.4 | G37: =IFERROR(VLOOKUP(C34,'📋 Tabela de Alimentos'!$B$7:$J$203,4,0)*E34/100,0) -> 34.06 | H37: =IFERROR(VLOOKUP(C34,'📋 Tabela de Alimentos'!$B$7:$J$203,5,0)*E34/100,0) -> 0 | I37: =IFERROR(VLOOKUP(C34,'📋 Tabela de Alimentos'!$B$7:$J$203,6,0)*E34/100,0) -> 3.38 | J37: =IFERROR(VLOOKUP(C34,'📋 Tabela de Alimentos'!$B$7:$J$203,7,0)*E34/100,0) -> 0 | K37: =IFERROR(F34/$F$4,0) -> 0.012
B38: 26 | C38: Tomate cru | D38: 🌙 Jantar | E38: 60 | F38: =IFERROR(VLOOKUP(C35,'📋 Tabela de Alimentos'!$B$7:$J$203,3,0)*E35/100,0) -> 110 | G38: =IFERROR(VLOOKUP(C35,'📋 Tabela de Alimentos'!$B$7:$J$203,4,0)*E35/100,0) -> 1.4 | H38: =IFERROR(VLOOKUP(C35,'📋 Tabela de Alimentos'!$B$7:$J$203,5,0)*E35/100,0) -> 26 | I38: =IFERROR(VLOOKUP(C35,'📋 Tabela de Alimentos'!$B$7:$J$203,6,0)*E35/100,0) -> 0.1 | J38: =IFERROR(VLOOKUP(C35,'📋 Tabela de Alimentos'!$B$7:$J$203,7,0)*E35/100,0) -> 2.7 | K38: =IFERROR(F35/$F$4,0) -> 0.001
B39: 27 | C39: Azeite de oliva extra virgem | D39: 🌙 Jantar | E39: 5 | F39: =IFERROR(VLOOKUP(C36,'📋 Tabela de Alimentos'!$B$7:$J$203,3,0)*E36/100,0) -> 9.6 | G39: =IFERROR(VLOOKUP(C36,'📋 Tabela de Alimentos'!$B$7:$J$203,4,0)*E36/100,0) -> 0.64 | H39: =IFERROR(VLOOKUP(C36,'📋 Tabela de Alimentos'!$B$7:$J$203,5,0)*E36/100,0) -> 1.84 | I39: =IFERROR(VLOOKUP(C36,'📋 Tabela de Alimentos'!$B$7:$J$203,6,0)*E36/100,0) -> 0.08 | J39: =IFERROR(VLOOKUP(C36,'📋 Tabela de Alimentos'!$B$7:$J$203,7,0)*E36/100,0) -> 0.88 | K39: =IFERROR(F36/$F$4,0) -> 0
B40: 🌛 Ceia
B41: 28 | C41: Iogurte grego natural | D41: 🌛 Ceia | E41: 120 | F41: =IFERROR(VLOOKUP(C38,'📋 Tabela de Alimentos'!$B$7:$J$203,3,0)*E38/100,0) -> 10.8 | G41: =IFERROR(VLOOKUP(C38,'📋 Tabela de Alimentos'!$B$7:$J$203,4,0)*E38/100,0) -> 0.54 | H41: =IFERROR(VLOOKUP(C38,'📋 Tabela de Alimentos'!$B$7:$J$203,5,0)*E38/100,0) -> 2.1 | I41: =IFERROR(VLOOKUP(C38,'📋 Tabela de Alimentos'!$B$7:$J$203,6,0)*E38/100,0) -> 0.12 | J41: =IFERROR(VLOOKUP(C38,'📋 Tabela de Alimentos'!$B$7:$J$203,7,0)*E38/100,0) -> 0.72 | K41: =IFERROR(F38/$F$4,0) -> 0.055
B42: 29 | C42: Semente de chia | D42: 🌛 Ceia | E42: 10 | F42: =IFERROR(VLOOKUP(C39,'📋 Tabela de Alimentos'!$B$7:$J$203,3,0)*E39/100,0) -> 44.2 | G42: =IFERROR(VLOOKUP(C39,'📋 Tabela de Alimentos'!$B$7:$J$203,4,0)*E39/100,0) -> 0 | H42: =IFERROR(VLOOKUP(C39,'📋 Tabela de Alimentos'!$B$7:$J$203,5,0)*E39/100,0) -> 0 | I42: =IFERROR(VLOOKUP(C39,'📋 Tabela de Alimentos'!$B$7:$J$203,6,0)*E39/100,0) -> 5 | J42: =IFERROR(VLOOKUP(C39,'📋 Tabela de Alimentos'!$B$7:$J$203,7,0)*E39/100,0) -> 0 | K42: =IFERROR(F39/$F$4,0) -> 0.0048
B43: 30 | C43: Castanha-do-Pará | D43: 🌛 Ceia | E43: 5 | F43: =IFERROR(VLOOKUP(C40,'📋 Tabela de Alimentos'!$B$7:$J$203,3,0)*E40/100,0) -> 0 | G43: =IFERROR(VLOOKUP(C40,'📋 Tabela de Alimentos'!$B$7:$J$203,4,0)*E40/100,0) -> 0 | H43: =IFERROR(VLOOKUP(C40,'📋 Tabela de Alimentos'!$B$7:$J$203,5,0)*E40/100,0) -> 0 | I43: =IFERROR(VLOOKUP(C40,'📋 Tabela de Alimentos'!$B$7:$J$203,6,0)*E40/100,0) -> 0 | J43: =IFERROR(VLOOKUP(C40,'📋 Tabela de Alimentos'!$B$7:$J$203,7,0)*E40/100,0) -> 0 | K43: =IFERROR(F40/$F$4,0) -> 0
B45: 📊 TOTAL DO DIA | F45: =SUM(F9:F43) -> 1769.57 | G45: =SUM(G9:G43) -> 122.095 | H45: =SUM(H9:H43) -> 208.775 | I45: =SUM(I9:I43) -> 53.76 | J45: =SUM(J9:J43) -> 33.44 | K45: =IFERROR(F45/F4,0) -> 0.884785
B46: 🎯 STATUS vs. META | F46: =IF(F45<F4*0.9,"⚠️ Abaixo",IF(F45<=F4,"✅ Na meta",IF(F45<=F4*1.1,"🟡 Acima 10%","🔴 Excedido"))) -> ⚠️ Abaixo | G46: =IF(G45>=H5,"✅ OK",IF(G45>=H5*0.8,"🟡 Razoável","🔴 Baixo")) -> 🟡 Razoável | H46: =IF(H45<=J5,"✅ OK",IF(H45<=J5*1.15,"🟡 Atenção","🔴 Excedido")) -> ✅ OK
B48: 📊 CALORIAS POR REFEIÇÃO
B49: Refeição | D49: Calorias (kcal) | F49: Proteínas (g) | H49: Carboidratos (g) | J49: % das Calorias Totais
B50: ☀️ Café da Manhã | D50: =SUM(F9:F16) -> 464.15 | F50: =SUM(G9:G16) -> 25.595 | H50: =SUM(H9:H16) -> 49.065 | J50: =IFERROR(D50/F45,0) -> 0.26229536
B51: 🍌 Lanche da Manhã | D51: =SUM(F18:F19) -> 67.2 | F51: =SUM(G18:G19) -> 0.36 | H51: =SUM(H18:H19) -> 17.88 | J51: =IFERROR(D51/F45,0) -> 0.037975327
B52: 🥃 Almoço | D52: =SUM(F21:F27) -> 614.2 | F52: =SUM(G21:G27) -> 52.89 | H52: =SUM(H21:H27) -> 67.51 | J52: =IFERROR(D52/F45,0) -> 0.34708997
B53: 🍵 Lanche da Tarde | D53: =SUM(F29:F32) -> 257.02 | F53: =SUM(G29:G32) -> 5.57 | H53: =SUM(H29:H32) -> 38.3 | J53: =IFERROR(D53/F45,0) -> 0.14524432
B54: 🌙 Jantar | D54: =SUM(F34:F39) -> 312 | F54: =SUM(G34:G39) -> 37.14 | H54: =SUM(H34:H39) -> 33.92 | J54: =IFERROR(D54/F45,0) -> 0.17631402
B55: 🌛 Ceia | D55: =SUM(F41:F43) -> 55 | F55: =SUM(G41:G43) -> 0.54 | H55: =SUM(H41:H43) -> 2.1 | J55: =IFERROR(D55/F45,0) -> 0.031080997

Sheet 📊 Dashboard de Macros
B2: 📊 DASHBOARD DE MACRONUTRIENTES E SAÚDE NUTRICIONAL
B4: 🔥 CALORIAS CONSUMIDAS | C4: 🎯 META CALÓRICA | D4: 💪 PROTEÍNAS | E4: 🌾 CARBOIDRATOS | F4: 🥑 GORDURAS | G4: 🌿 FIBRAS
B5: ='🍽️ Plano do Dia'!F45 -> 1769.57 | C5: ='🍽️ Plano do Dia'!F4 -> 2000 | D5: ='🍽️ Plano do Dia'!G45 -> 122.095 | E5: ='🍽️ Plano do Dia'!H45 -> 208.775 | F5: ='🍽️ Plano do Dia'!I45 -> 53.76 | G5: ='🍽️ Plano do Dia'!J45 -> 33.44
B7: 🥧 DISTRIBUIÇÃO CALÓRICA POR MACRONUTRIENTE (meta: 50% carbs, 25% prot, 25% gord)
B8: Macro | C8: Consumido (g) | D8: Kcal do macro | E8: % das Kcal totais | F8: Meta % | G8: Status
B9: 💪 Proteínas | C9: ='🍽️ Plano do Dia'!G45 -> 122.095 | D9: =C9*4 -> 488.38 | E9: =IFERROR(D9/B5,0) -> 0.27598795 | F9: 25% | G9: =IF(ABS(E9-0.25)<0.05,"✅ Ideal",IF(E9<0.25,"🔽 Abaixo","🔼 Acima")) -> ✅ Ideal
B10: 🌾 Carboidratos | C10: ='🍽️ Plano do Dia'!H45 -> 208.775 | D10: =C10*4 -> 835.1 | E10: =IFERROR(D10/B5,0) -> 0.47192256 | F10: 50% | G10: =IF(ABS(E10-0.5)<0.05,"✅ Ideal",IF(E10<0.5,"🔽 Abaixo","🔼 Acima")) -> ✅ Ideal
B11: 🥑 Gorduras | C11: ='🍽️ Plano do Dia'!I45 -> 53.76 | D11: =C11*9 -> 483.84 | E11: =IFERROR(D11/B5,0) -> 0.27342236 | F11: 25% | G11: =IF(ABS(E11-0.25)<0.05,"✅ Ideal",IF(E11<0.25,"🔽 Abaixo","🔼 Acima")) -> ✅ Ideal
B13: 🏥 INDICADORES DE SAÚDE NUTRICIONAL
B14: Indicador | C14: Valor Atual | D14: Meta/Recomendação | E14: Status | F14: Dica
B15: 🔥 Balanço Calórico | C15: ='🍽️ Plano do Dia'!F42-'🍽️ Plano do Dia'!F4 -> -1955.8 | D15: 0 kcal (equilíbrio) | E15: =IF(ABS('🍽️ Plano do Dia'!F42-'🍽️ Plano do Dia'!F4)<=100,"✅ Equilibrado",IF('🍽️ Plano do Dia'!F42<'🍽️ Plano do Dia'!F4,"⬇️ Déficit","⬆️ Superávit")) -> ⬇️ Déficit | F15: Déficit de 300-500kcal para emagrecer com saúde
B16: 💪 Proteína/kg peso | C16: =IFERROR('🍽️ Plano do Dia'!G42/'🍽️ Plano do Dia'!H4,0) -> 0 | D16: 1.6–2.2 g/kg (atletas) | E16: =IF('🍽️ Plano do Dia'!G42/'🍽️ Plano do Dia'!H4>=1.6,"✅ Adequado","⚠️ Aumentar proteína") -> ⚠️ Aumentar proteína | F16: Inclua carnes, ovos, leguminosas
B17: 🌿 Fibras totais | C17: ='🍽️ Plano do Dia'!J42 -> 0 | D17: ≥25g/dia (OMS) | E17: =IF('🍽️ Plano do Dia'!J42>=25,"✅ Adequado",IF('🍽️ Plano do Dia'!J42>=15,"🟡 Regular","🔴 Insuficiente")) -> 🔴 Insuficiente | F17: Aumente frutas, verduras e grãos integrais
B18: 🥑 Gordura total | C18: ='🍽️ Plano do Dia'!I42 -> 5 | D18: 20–35% das kcal totais | E18: =IF('🍽️ Plano do Dia'!I42*9/'🍽️ Plano do Dia'!F42<=0.35,"✅ Adequado","⚠️ Revisar gorduras") -> ⚠️ Revisar gorduras | F18: Prefira azeite, abacate e oleaginosas
B19: 🥗 Variedade vegetal | C19: =COUNTIFS('🍽️ Plano do Dia'!D8:D40,"*Almoço*",'🍽️ Plano do Dia'!C8:C40,"<>") -> 7 | D19: ≥5 porções de vegetais/dia | E19: "Acompanhe sua variedade" | F19: Diversifique cores no prato
B21: 📏 GUIA DE PORÇÕES RECOMENDADAS (Dieta de 2000 kcal)
B22: Grupo Alimentar | C22: Porções/dia | D22: Exemplo de 1 porção | E22: Calorias aprox. | F22: Dica
B23: 🌾 Cereais e tubérculos | C23: 6 porções | D23: 4 colh. arroz cozido = 100g ou 1 fatia pão integral | E23: ~100–130 kcal | F23: Prefira integrais
B24: 🥩 Carnes e ovos | C24: 1–2 porções | D24: 1 filé de frango = 100g ou 2 ovos mexidos | E24: ~150–200 kcal | F24: Carnes magras grelhadas
B25: 🫘 Leguminosas | C25: 1 porção | D25: 1 concha feijão = 80g ou ½ xíc grão-de-bico | E25: ~60–80 kcal | F25: Rico em fibras e ferro
B26: 🥛 Laticínios | C26: 3 porções | D26: 1 copo leite 200ml ou 1 pot. iogurte grego 100g | E26: ~70–100 kcal | F26: Fontes de cálcio
B27: 🥗 Vegetais e saladas | C27: 3+ porções | D27: 1 prato raso de salada crua = 60–100g | E27: ~10–25 kcal | F27: Quanto mais colorido melhor
B28: 🍎 Frutas | C28: 3 porções | D28: 1 fruta média ou 1 xícara de morangos = 100–130g | E28: ~40–70 kcal | F28: Variar tipos e cores
B29: 🥜 Gorduras e oleaginosas | C29: 1 porção | D29: 1 col. sobr. azeite = 10g ou 5 castanhas-do-Pará = 15g | E29: ~70–100 kcal | F29: Gorduras boas, com moderação
B30: 💧 Líquidos | C30: 8 copos/dia | D30: 1 copo água 250ml | E30: 0 kcal | F30: Beba 2–3 litros/dia

Sheet 🔧 Listas
A1: ALIMENTOS
A2: Arroz branco cozido
A3: Arroz integral cozido
A4: Macarrão cozido
A5: Macarrão integral cozido
A6: Pão francês
A7: Pão integral
A8: Aveia em flocos
A9: Batata inglesa cozida
A10: Batata doce cozida
A11: Mandioca cozida
A12: Tapioca (goma)
... A132: Canela em pó
