Workbook

Sheet _Listas
C1: Alimento | D1: Kcal/100g | E1: Prot | F1: Carb | G1: Gord | H1: Fibra
A2: Abacate | C2: Abacate | D2: 160 | E2: 1.2 | F2: 6 | G2: 14.7 | H2: 6.2
A3: Abacaxi | C3: Abacaxi | D3: 48 | E3: 0.9 | F3: 12.3 | G3: 0.1 | H3: 1
A4: Aipim cozido | C4: Aipim cozido | D4: 149 | E4: 0.9 | F4: 35.3 | G4: 0.3 | H4: 1.9
A5: Alcatra grelhada | C5: Alcatra grelhada | D5: 237 | E5: 32.8 | F5: 0 | G5: 11.4 | H5: 0
A6: Alcatra suína assada | C6: Alcatra suína assada | D6: 245 | E6: 30 | F6: 0 | G6: 14 | H6: 0
A7: Alface crespa | C7: Alface crespa | D7: 11 | E7: 1.3 | F7: 1.7 | G7: 0.2 | H7: 1.8
A8: Ameixa | C8: Ameixa | D8: 55 | E8: 0.8 | F8: 13.9 | G8: 0.2 | H8: 1.7
A9: Arroz branco cozido | C9: Arroz branco cozido | D9: 128 | E9: 2.5 | F9: 28.1 | G9: 0.2 | H9: 1.6
A10: Arroz integral cozido | C10: Arroz integral cozido | D10: 124 | E10: 2.6 | F10: 25.8 | G10: 1 | H10: 2.7
A11: Atum enlatado ao natural | C11: Atum enlatado ao natural | D11: 119 | E11: 26.3 | F11: 0 | G11: 1.3 | H11: 0
A12: Banana | C12: Banana | D12: 92 | E12: 1.3 | F12: 23.8 | G12: 0.1 | H12: 1.9
A13: Batata doce assada | C13: Batata doce assada | D13: 118 | E13: 1.6 | F13: 27.5 | G13: 0.1 | H13: 3
... A80: Yopro 15g High Protein | C80: Yopro 15g High Protein | D80: 67 | E80: 6.7 | F80: 10 | G80: 0 | H80: 0

Sheet SEG
B2: 🍽️ PLANO ALIMENTAR · Segunda-feira 🔵 · (=Qua e Sex)
B3: ▼ Clique na seta ▼ em cada alimento para trocar · Edite a porção (g) para recalcular as calorias automaticamente
B4: Meta Kcal/dia: | C4: 2000 | D4: Peso (kg): | E4: 70 | F4: Objetivo: | G4: Emagrecimento
B6: Refeição / Horário | C6: Alimento ▼ | D6: Porção (g) | E6: Kcal | F6: Prot. (g) | G6: Carb. (g) | H6: Gord. (g) | I6: Medida caseira
B8: ☕ Café da Manhã 08:00h
B9: ☕ Café da Manhã | C9: Café sem açúcar | D9: 200 | E9: =IFERROR(VLOOKUP(C9,_Listas!$C$2:$H$80,2,0)*D9/100,0) -> 4 | F9: =IFERROR(VLOOKUP(C9,_Listas!$C$2:$H$80,3,0)*D9/100,0) -> 0.6 | G9: =IFERROR(VLOOKUP(C9,_Listas!$C$2:$H$80,4,0)*D9/100,0) -> 0 | H9: =IFERROR(VLOOKUP(C9,_Listas!$C$2:$H$80,5,0)*D9/100,0) -> 0 | I9: 200 ml
C10: Pão francês | D10: 60 | E10: =IFERROR(VLOOKUP(C10,_Listas!$C$2:$H$80,2,0)*D10/100,0) -> 180 | F10: =IFERROR(VLOOKUP(C10,_Listas!$C$2:$H$80,3,0)*D10/100,0) -> 4.8 | G10: =IFERROR(VLOOKUP(C10,_Listas!$C$2:$H$80,4,0)*D10/100,0) -> 35.16 | H10: =IFERROR(VLOOKUP(C10,_Listas!$C$2:$H$80,5,0)*D10/100,0) -> 1.86 | I10: 1 unidade
C11: Requeijão | D11: 15 | E11: =IFERROR(VLOOKUP(C11,_Listas!$C$2:$H$80,2,0)*D11/100,0) -> 36 | F11: =IFERROR(VLOOKUP(C11,_Listas!$C$2:$H$80,3,0)*D11/100,0) -> 1.05 | G11: =IFERROR(VLOOKUP(C11,_Listas!$C$2:$H$80,4,0)*D11/100,0) -> 0.525 | H11: =IFERROR(VLOOKUP(C11,_Listas!$C$2:$H$80,5,0)*D11/100,0) -> 3.3 | I11: 1 col. sopa
C12: Queijo mussarela | D12: 20 | E12: =IFERROR(VLOOKUP(C12,_Listas!$C$2:$H$80,2,0)*D12/100,0) -> 57.8 | F12: =IFERROR(VLOOKUP(C12,_Listas!$C$2:$H$80,3,0)*D12/100,0) -> 3.6 | G12: =IFERROR(VLOOKUP(C12,_Listas!$C$2:$H$80,4,0)*D12/100,0) -> 0.52 | H12: =IFERROR(VLOOKUP(C12,_Listas!$C$2:$H$80,5,0)*D12/100,0) -> 4.58 | I12: 1 fatia
C13: Banana | D13: 70 | E13: =IFERROR(VLOOKUP(C13,_Listas!$C$2:$H$80,2,0)*D13/100,0) -> 64.4 | F13: =IFERROR(VLOOKUP(C13,_Listas!$C$2:$H$80,3,0)*D13/100,0) -> 0.91 | G13: =IFERROR(VLOOKUP(C13,_Listas!$C$2:$H$80,4,0)*D13/100,0) -> 16.66 | H13: =IFERROR(VLOOKUP(C13,_Listas!$C$2:$H$80,5,0)*D13/100,0) -> 0.07 | I13: ½ unidade méd.
C14: Creatina monohidratada | D14: 6 | E14: =IFERROR(VLOOKUP(C14,_Listas!$C$2:$H$80,2,0)*D14/100,0) -> 0 | F14: =IFERROR(VLOOKUP(C14,_Listas!$C$2:$H$80,3,0)*D14/100,0) -> 0 | G14: =IFERROR(VLOOKUP(C14,_Listas!$C$2:$H$80,4,0)*D14/100,0) -> 0 | H14: =IFERROR(VLOOKUP(C14,_Listas!$C$2:$H$80,5,0)*D14/100,0) -> 0 | I14: 2 doses
B15: Subtotal ☕ Café da Manhã | D15: =SUM(D9:D14) -> 371 | E15: =SUM(E9:E14) -> 342.2 | F15: =SUM(F9:F14) -> 10.96 | G15: =SUM(G9:G14) -> 52.865 | H15: =SUM(H9:H14) -> 9.81
B17: 🍌 Lanche 10:00h
B18: 🍌 Lanche | C18: Yopro 15g High Protein | D18: 300 | E18: =IFERROR(VLOOKUP(C18,_Listas!$C$2:$H$80,2,0)*D18/100,0) -> 201 | F18: =IFERROR(VLOOKUP(C18,_Listas!$C$2:$H$80,3,0)*D18/100,0) -> 20.1 | G18: =IFERROR(VLOOKUP(C18,_Listas!$C$2:$H$80,4,0)*D18/100,0) -> 30 | H18: =IFERROR(VLOOKUP(C18,_Listas!$C$2:$H$80,5,0)*D18/100,0) -> 0 | I18: 1 unidade
B19: Subtotal 🍌 Lanche | D19: =SUM(D18:D18) -> 300 | E19: =SUM(E18:E18) -> 201 | F19: =SUM(F18:F18) -> 20.1 | G19: =SUM(G18:G18) -> 30 | H19: =SUM(H18:H18) -> 0
B21: 🥗 Almoço 13:00h
B22: 🥗 Almoço | C22: Batata inglesa assada | D22: 150 | E22: =IFERROR(VLOOKUP(C22,_Listas!$C$2:$H$80,2,0)*D22/100,0) -> 139.5 | F22: =IFERROR(VLOOKUP(C22,_Listas!$C$2:$H$80,3,0)*D22/100,0) -> 3.75 | G22: =IFERROR(VLOOKUP(C22,_Listas!$C$2:$H$80,4,0)*D22/100,0) -> 31.5 | H22: =IFERROR(VLOOKUP(C22,_Listas!$C$2:$H$80,5,0)*D22/100,0) -> 0.15 | I22: 1 unid. média
C23: Feijão preto cozido | D23: 120 | E23: =IFERROR(VLOOKUP(C23,_Listas!$C$2:$H$80,2,0)*D23/100,0) -> 92.4 | F23: =IFERROR(VLOOKUP(C23,_Listas!$C$2:$H$80,3,0)*D23/100,0) -> 5.4 | G23: =IFERROR(VLOOKUP(C23,_Listas!$C$2:$H$80,4,0)*D23/100,0) -> 16.32 | H23: =IFERROR(VLOOKUP(C23,_Listas!$C$2:$H$80,5,0)*D23/100,0) -> 0.6 | I23: 1 concha
C24: Moranga cozida | D24: 100 | E24: =IFERROR(VLOOKUP(C24,_Listas!$C$2:$H$80,2,0)*D24/100,0) -> 26 | F24: =IFERROR(VLOOKUP(C24,_Listas!$C$2:$H$80,3,0)*D24/100,0) -> 0.7 | G24: =IFERROR(VLOOKUP(C24,_Listas!$C$2:$H$80,4,0)*D24/100,0) -> 6 | H24: =IFERROR(VLOOKUP(C24,_Listas!$C$2:$H$80,5,0)*D24/100,0) -> 0.1 | I24: 1 porção
C25: Sobrecoxa de frango grelhada | D25: 150 | E25: =IFERROR(VLOOKUP(C25,_Listas!$C$2:$H$80,2,0)*D25/100,0) -> 322.5 | F25: =IFERROR(VLOOKUP(C25,_Listas!$C$2:$H$80,3,0)*D25/100,0) -> 31.5 | G25: =IFERROR(VLOOKUP(C25,_Listas!$C$2:$H$80,4,0)*D25/100,0) -> 0 | H25: =IFERROR(VLOOKUP(C25,_Listas!$C$2:$H$80,5,0)*D25/100,0) -> 21 | I25: 1 peça s/ osso
C26: Melancia | D26: 150 | E26: =IFERROR(VLOOKUP(C26,_Listas!$C$2:$H$80,2,0)*D26/100,0) -> 49.5 | F26: =IFERROR(VLOOKUP(C26,_Listas!$C$2:$H$80,3,0)*D26/100,0) -> 1.05 | G26: =IFERROR(VLOOKUP(C26,_Listas!$C$2:$H$80,4,0)*D26/100,0) -> 12 | H26: =IFERROR(VLOOKUP(C26,_Listas!$C$2:$H$80,5,0)*D26/100,0) -> 0.3 | I26: 1 fatia
B27: Subtotal 🥗 Almoço | D27: =SUM(D22:D26) -> 670 | E27: =SUM(E22:E26) -> 629.9 | F27: =SUM(F22:F26) -> 42.4 | G27: =SUM(G22:G26) -> 65.82 | H27: =SUM(H22:H26) -> 22.15
B29: ☕ Café da Tarde 18:00h
B30: ☕ Café da Tarde | C30: Café sem açúcar | D30: 200 | E30: =IFERROR(VLOOKUP(C30,_Listas!$C$2:$H$80,2,0)*D30/100,0) -> 4 | F30: =IFERROR(VLOOKUP(C30,_Listas!$C$2:$H$80,3,0)*D30/100,0) -> 0.6 | G30: =IFERROR(VLOOKUP(C30,_Listas!$C$2:$H$80,4,0)*D30/100,0) -> 0 | H30: =IFERROR(VLOOKUP(C30,_Listas!$C$2:$H$80,5,0)*D30/100,0) -> 0 | I30: 200 ml
C31: Pão francês | D31: 60 | E31: =IFERROR(VLOOKUP(C31,_Listas!$C$2:$H$80,2,0)*D31/100,0) -> 180 | F31: =IFERROR(VLOOKUP(C31,_Listas!$C$2:$H$80,3,0)*D31/100,0) -> 4.8 | G31: =IFERROR(VLOOKUP(C31,_Listas!$C$2:$H$80,4,0)*D31/100,0) -> 35.16 | H31: =IFERROR(VLOOKUP(C31,_Listas!$C$2:$H$80,5,0)*D31/100,0) -> 1.86 | I31: 1 unidade
C32: Filé de frango grelhado | D32: 50 | E32: =IFERROR(VLOOKUP(C32,_Listas!$C$2:$H$80,2,0)*D32/100,0) -> 81.5 | F32: =IFERROR(VLOOKUP(C32,_Listas!$C$2:$H$80,3,0)*D32/100,0) -> 15.75 | G32: =IFERROR(VLOOKUP(C32,_Listas!$C$2:$H$80,4,0)*D32/100,0) -> 0 | H32: =IFERROR(VLOOKUP(C32,_Listas!$C$2:$H$80,5,0)*D32/100,0) -> 1.85 | I32: ½ filé pequeno
C33: Melão | D33: 150 | E33: =IFERROR(VLOOKUP(C33,_Listas!$C$2:$H$80,2,0)*D33/100,0) -> 43.5 | F33: =IFERROR(VLOOKUP(C33,_Listas!$C$2:$H$80,3,0)*D33/100,0) -> 1.05 | G33: =IFERROR(VLOOKUP(C33,_Listas!$C$2:$H$80,4,0)*D33/100,0) -> 11.1 | H33: =IFERROR(VLOOKUP(C33,_Listas!$C$2:$H$80,5,0)*D33/100,0) -> 0.15 | I33: 1 fatia
B34: Subtotal ☕ Café da Tarde | D34: =SUM(D30:D33) -> 460 | E34: =SUM(E30:E33) -> 309 | F34: =SUM(F30:F33) -> 22.2 | G34: =SUM(G30:G33) -> 46.26 | H34: =SUM(H30:H33) -> 3.86
B36: 🌙 Jantar 20:30h
B37: 🌙 Jantar | C37: Arroz branco cozido | D37: 140 | E37: =IFERROR(VLOOKUP(C37,_Listas!$C$2:$H$80,2,0)*D37/100,0) -> 179.2 | F37: =IFERROR(VLOOKUP(C37,_Listas!$C$2:$H$80,3,0)*D37/100,0) -> 3.5 | G37: =IFERROR(VLOOKUP(C37,_Listas!$C$2:$H$80,4,0)*D37/100,0) -> 39.34 | H37: =IFERROR(VLOOKUP(C37,_Listas!$C$2:$H$80,5,0)*D37/100,0) -> 0.28 | I37: 4 col. sopa
C38: Feijão preto cozido | D38: 120 | E38: =IFERROR(VLOOKUP(C38,_Listas!$C$2:$H$80,2,0)*D38/100,0) -> 92.4 | F38: =IFERROR(VLOOKUP(C38,_Listas!$C$2:$H$80,3,0)*D38/100,0) -> 5.4 | G38: =IFERROR(VLOOKUP(C38,_Listas!$C$2:$H$80,4,0)*D38/100,0) -> 16.32 | H38: =IFERROR(VLOOKUP(C38,_Listas!$C$2:$H$80,5,0)*D38/100,0) -> 0.6 | I38: 1 concha
C39: Filé de frango grelhado | D39: 140 | E39: =IFERROR(VLOOKUP(C39,_Listas!$C$2:$H$80,2,0)*D39/100,0) -> 228.2 | F39: =IFERROR(VLOOKUP(C39,_Listas!$C$2:$H$80,3,0)*D39/100,0) -> 44.1 | G39: =IFERROR(VLOOKUP(C39,_Listas!$C$2:$H$80,4,0)*D39/100,0) -> 0 | H39: =IFERROR(VLOOKUP(C39,_Listas!$C$2:$H$80,5,0)*D39/100,0) -> 5.18 | I39: 1 filé médio
C40: Melão | D40: 150 | E40: =IFERROR(VLOOKUP(C40,_Listas!$C$2:$H$80,2,0)*D40/100,0) -> 43.5 | F40: =IFERROR(VLOOKUP(C40,_Listas!$C$2:$H$80,3,0)*D40/100,0) -> 1.05 | G40: =IFERROR(VLOOKUP(C40,_Listas!$C$2:$H$80,4,0)*D40/100,0) -> 11.1 | H40: =IFERROR(VLOOKUP(C40,_Listas!$C$2:$H$80,5,0)*D40/100,0) -> 0.15 | I40: 1 fatia
B41: Subtotal 🌙 Jantar | D41: =SUM(D37:D40) -> 550 | E41: =SUM(E37:E40) -> 543.3 | F41: =SUM(F37:F40) -> 54.05 | G41: =SUM(G37:G40) -> 66.76 | H41: =SUM(H37:H40) -> 6.21
B43: 🔄 Opção Jantar (alternativa)
B44: 🔄 Opção Jantar | C44: Suco de laranja natural | D44: 200 | E44: =IFERROR(VLOOKUP(C44,_Listas!$C$2:$H$80,2,0)*D44/100,0) -> 90 | F44: =IFERROR(VLOOKUP(C44,_Listas!$C$2:$H$80,3,0)*D44/100,0) -> 1.4 | G44: =IFERROR(VLOOKUP(C44,_Listas!$C$2:$H$80,4,0)*D44/100,0) -> 21.4 | H44: =IFERROR(VLOOKUP(C44,_Listas!$C$2:$H$80,5,0)*D44/100,0) -> 0.4 | I44: 1 copo
C45: Tapioca de goma | D45: 30 | E45: =IFERROR(VLOOKUP(C45,_Listas!$C$2:$H$80,2,0)*D45/100,0) -> 106.2 | F45: =IFERROR(VLOOKUP(C45,_Listas!$C$2:$H$80,3,0)*D45/100,0) -> 0.03 | G45: =IFERROR(VLOOKUP(C45,_Listas!$C$2:$H$80,4,0)*D45/100,0) -> 26.34 | H45: =IFERROR(VLOOKUP(C45,_Listas!$C$2:$H$80,5,0)*D45/100,0) -> 0.09 | I45: 1 tapioca peq.
C46: Ovo de galinha cozido | D46: 100 | E46: =IFERROR(VLOOKUP(C46,_Listas!$C$2:$H$80,2,0)*D46/100,0) -> 146 | F46: =IFERROR(VLOOKUP(C46,_Listas!$C$2:$H$80,3,0)*D46/100,0) -> 13.3 | G46: =IFERROR(VLOOKUP(C46,_Listas!$C$2:$H$80,4,0)*D46/100,0) -> 0.6 | H46: =IFERROR(VLOOKUP(C46,_Listas!$C$2:$H$80,5,0)*D46/100,0) -> 10 | I46: 2 unidades
C47: Queijo mussarela | D47: 20 | E47: =IFERROR(VLOOKUP(C47,_Listas!$C$2:$H$80,2,0)*D47/100,0) -> 57.8 | F47: =IFERROR(VLOOKUP(C47,_Listas!$C$2:$H$80,3,0)*D47/100,0) -> 3.6 | G47: =IFERROR(VLOOKUP(C47,_Listas!$C$2:$H$80,4,0)*D47/100,0) -> 0.52 | H47: =IFERROR(VLOOKUP(C47,_Listas!$C$2:$H$80,5,0)*D47/100,0) -> 4.58 | I47: 1 fatia
C48: Filé de frango grelhado | D48: 80 | E48: =IFERROR(VLOOKUP(C48,_Listas!$C$2:$H$80,2,0)*D48/100,0) -> 130.4 | F48: =IFERROR(VLOOKUP(C48,_Listas!$C$2:$H$80,3,0)*D48/100,0) -> 25.2 | G48: =IFERROR(VLOOKUP(C48,_Listas!$C$2:$H$80,4,0)*D48/100,0) -> 0 | H48: =IFERROR(VLOOKUP(C48,_Listas!$C$2:$H$80,5,0)*D48/100,0) -> 2.96 | I48: 1 filé pequeno
B50: 📊 TOTAL DO DIA | D50: =SUM(D9:D14,D18:D18,D22:D26,D30:D33,D37:D40) -> 2351 | E50: =SUM(E9:E14,E18:E18,E22:E26,E30:E33,E37:E40) -> 2025.4 | F50: =SUM(F9:F14,F18:F18,F22:F26,F30:F33,F37:F40) -> 149.71 | G50: =SUM(G9:G14,G18:G18,G22:G26,G30:G33,G37:G40) -> 261.705 | H50: =SUM(H9:H14,H18:H18,H22:H26,H30:H33,H37:H40) -> 42.03
B51: 🎯 Status calórico: | D51: =IF(E50<C4*0.9,"⚠️ Abaixo da meta",IF(E50<=C4,"✅ Na meta",IF(E50<=C4*1.1,"🟡 Ligeiramente acima","🔴 Acima da meta"))) -> 🟡 Ligeiramente acima
B53: 📊 RESUMO POR REFEIÇÃO
B54: Refeição | C54: Kcal | D54: % do total | E54: Prot. | F54: Carb. | G54: Gord. | H54: Horário
B55: ☕ Café da Manhã | C55: =SUM(E9:E14) -> 342.2 | D55: =IFERROR(C55/E50,0) -> 0.16895428 | E55: =SUM(F9:F14) -> 10.96 | F55: =SUM(G9:G14) -> 52.865 | G55: =SUM(H9:H14) -> 9.81 | H55: 08:00h
B56: 🍌 Lanche | C56: =SUM(E18:E18) -> 201 | D56: =IFERROR(C56/E50,0) -> 0.099239656 | E56: =SUM(F18:F18) -> 20.1 | F56: =SUM(G18:G18) -> 30 | G56: =SUM(H18:H18) -> 0 | H56: 10:00h
B57: 🥗 Almoço | C57: =SUM(E22:E26) -> 629.9 | D57: =IFERROR(C57/E50,0) -> 0.3110003 | E57: =SUM(F22:F26) -> 42.4 | F57: =SUM(G22:G26) -> 65.82 | G57: =SUM(H22:H26) -> 22.15 | H57: 13:00h
B58: ☕ Café da Tarde | C58: =SUM(E30:E33) -> 309 | D58: =IFERROR(C58/E50,0) -> 0.15256246 | E58: =SUM(F30:F33) -> 22.2 | F58: =SUM(G30:G33) -> 46.26 | G58: =SUM(H30:H33) -> 3.86 | H58: 18:00h
B59: 🌙 Jantar | C59: =SUM(E37:E40) -> 543.3 | D59: =IFERROR(C59/E50,0) -> 0.26824331 | E59: =SUM(F37:F40) -> 54.05 | F59: =SUM(G37:G40) -> 66.76 | G59: =SUM(H37:H40) -> 6.21 | H59: 20:30h

Sheet TER
B2: 🍽️ PLANO ALIMENTAR · Terça-feira 🟢 · (=Qui e Sab)
B3: ▼ Clique na seta ▼ em cada alimento para trocar · Edite a porção (g) para recalcular as calorias automaticamente
B4: Meta Kcal/dia: | C4: 2000 | D4: Peso (kg): | E4: 70 | F4: Objetivo: | G4: Emagrecimento
B6: Refeição / Horário | C6: Alimento ▼ | D6: Porção (g) | E6: Kcal | F6: Prot. (g) | G6: Carb. (g) | H6: Gord. (g) | I6: Medida caseira
B8: ☕ Café da Manhã 08:00h
B9: ☕ Café da Manhã | C9: Café sem açúcar | D9: 200 | E9: =IFERROR(VLOOKUP(C9,_Listas!$C$2:$H$80,2,0)*D9/100,0) -> 4 | F9: =IFERROR(VLOOKUP(C9,_Listas!$C$2:$H$80,3,0)*D9/100,0) -> 0.6 | G9: =IFERROR(VLOOKUP(C9,_Listas!$C$2:$H$80,4,0)*D9/100,0) -> 0 | H9: =IFERROR(VLOOKUP(C9,_Listas!$C$2:$H$80,5,0)*D9/100,0) -> 0 | I9: 200 ml
C10: Pão francês | D10: 60 | E10: =IFERROR(VLOOKUP(C10,_Listas!$C$2:$H$80,2,0)*D10/100,0) -> 180 | F10: =IFERROR(VLOOKUP(C10,_Listas!$C$2:$H$80,3,0)*D10/100,0) -> 4.8 | G10: =IFERROR(VLOOKUP(C10,_Listas!$C$2:$H$80,4,0)*D10/100,0) -> 35.16 | H10: =IFERROR(VLOOKUP(C10,_Listas!$C$2:$H$80,5,0)*D10/100,0) -> 1.86 | I10: 1 unidade
C11: Requeijão | D11: 15 | E11: =IFERROR(VLOOKUP(C11,_Listas!$C$2:$H$80,2,0)*D11/100,0) -> 36 | F11: =IFERROR(VLOOKUP(C11,_Listas!$C$2:$H$80,3,0)*D11/100,0) -> 1.05 | G11: =IFERROR(VLOOKUP(C11,_Listas!$C$2:$H$80,4,0)*D11/100,0) -> 0.525 | H11: =IFERROR(VLOOKUP(C11,_Listas!$C$2:$H$80,5,0)*D11/100,0) -> 3.3 | I11: 1 col. sopa
C12: Queijo mussarela | D12: 20 | E12: =IFERROR(VLOOKUP(C12,_Listas!$C$2:$H$80,2,0)*D12/100,0) -> 57.8 | F12: =IFERROR(VLOOKUP(C12,_Listas!$C$2:$H$80,3,0)*D12/100,0) -> 3.6 | G12: =IFERROR(VLOOKUP(C12,_Listas!$C$2:$H$80,4,0)*D12/100,0) -> 0.52 | H12: =IFERROR(VLOOKUP(C12,_Listas!$C$2:$H$80,5,0)*D12/100,0) -> 4.58 | I12: 1 fatia
C13: Peito de peru fatiado | D13: 15 | E13: =IFERROR(VLOOKUP(C13,_Listas!$C$2:$H$80,2,0)*D13/100,0) -> 16.35 | F13: =IFERROR(VLOOKUP(C13,_Listas!$C$2:$H$80,3,0)*D13/100,0) -> 2.61 | G13: =IFERROR(VLOOKUP(C13,_Listas!$C$2:$H$80,4,0)*D13/100,0) -> 0.285 | H13: =IFERROR(VLOOKUP(C13,_Listas!$C$2:$H$80,5,0)*D13/100,0) -> 0.54 | I13: 1 fatia
C14: Maçã com casca | D14: 120 | E14: =IFERROR(VLOOKUP(C14,_Listas!$C$2:$H$80,2,0)*D14/100,0) -> 67.2 | F14: =IFERROR(VLOOKUP(C14,_Listas!$C$2:$H$80,3,0)*D14/100,0) -> 0.36 | G14: =IFERROR(VLOOKUP(C14,_Listas!$C$2:$H$80,4,0)*D14/100,0) -> 17.88 | H14: =IFERROR(VLOOKUP(C14,_Listas!$C$2:$H$80,5,0)*D14/100,0) -> 0.12 | I14: 1 unid. média
C15: Creatina monohidratada | D15: 6 | E15: =IFERROR(VLOOKUP(C15,_Listas!$C$2:$H$80,2,0)*D15/100,0) -> 0 | F15: =IFERROR(VLOOKUP(C15,_Listas!$C$2:$H$80,3,0)*D15/100,0) -> 0 | G15: =IFERROR(VLOOKUP(C15,_Listas!$C$2:$H$80,4,0)*D15/100,0) -> 0 | H15: =IFERROR(VLOOKUP(C15,_Listas!$C$2:$H$80,5,0)*D15/100,0) -> 0 | I15: 2 doses
B16: Subtotal ☕ Café da Manhã | D16: =SUM(D9:D15) -> 436 | E16: =SUM(E9:E15) -> 361.35 | F16: =SUM(F9:F15) -> 13.02 | G16: =SUM(G9:G15) -> 54.37 | H16: =SUM(H9:H15) -> 10.4
B18: 🍌 Lanche 10:00h
B19: 🍌 Lanche | C19: Yopro 15g High Protein | D19: 300 | E19: =IFERROR(VLOOKUP(C19,_Listas!$C$2:$H$80,2,0)*D19/100,0) -> 201 | F19: =IFERROR(VLOOKUP(C19,_Listas!$C$2:$H$80,3,0)*D19/100,0) -> 20.1 | G19: =IFERROR(VLOOKUP(C19,_Listas!$C$2:$H$80,4,0)*D19/100,0) -> 30 | H19: =IFERROR(VLOOKUP(C19,_Listas!$C$2:$H$80,5,0)*D19/100,0) -> 0 | I19: 1 unidade
B20: Subtotal 🍌 Lanche | D20: =SUM(D19:D19) -> 300 | E20: =SUM(E19:E19) -> 201 | F20: =SUM(F19:F19) -> 20.1 | G20: =SUM(G19:G19) -> 30 | H20: =SUM(H19:H19) -> 0
B22: 🥗 Almoço 13:00h
B23: 🥗 Almoço | C23: Arroz branco cozido | D23: 140 | E23: =IFERROR(VLOOKUP(C23,_Listas!$C$2:$H$80,2,0)*D23/100,0) -> 179.2 | F23: =IFERROR(VLOOKUP(C23,_Listas!$C$2:$H$80,3,0)*D23/100,0) -> 3.5 | G23: =IFERROR(VLOOKUP(C23,_Listas!$C$2:$H$80,4,0)*D23/100,0) -> 39.34 | H23: =IFERROR(VLOOKUP(C23,_Listas!$C$2:$H$80,5,0)*D23/100,0) -> 0.28 | I23: 4 col. sopa
C24: Patê de ricota | D24: 20 | E24: =IFERROR(VLOOKUP(C24,_Listas!$C$2:$H$80,2,0)*D24/100,0) -> 34 | F24: =IFERROR(VLOOKUP(C24,_Listas!$C$2:$H$80,3,0)*D24/100,0) -> 1.6 | G24: =IFERROR(VLOOKUP(C24,_Listas!$C$2:$H$80,4,0)*D24/100,0) -> 1 | H24: =IFERROR(VLOOKUP(C24,_Listas!$C$2:$H$80,5,0)*D24/100,0) -> 2.6 | I24: 1 col. sopa
C25: Requeijão | D25: 40 | E25: =IFERROR(VLOOKUP(C25,_Listas!$C$2:$H$80,2,0)*D25/100,0) -> 96 | F25: =IFERROR(VLOOKUP(C25,_Listas!$C$2:$H$80,3,0)*D25/100,0) -> 2.8 | G25: =IFERROR(VLOOKUP(C25,_Listas!$C$2:$H$80,4,0)*D25/100,0) -> 1.4 | H25: =IFERROR(VLOOKUP(C25,_Listas!$C$2:$H$80,5,0)*D25/100,0) -> 8.8 | I25: 2 col. sopa
C26: Filé de frango grelhado | D26: 170 | E26: =IFERROR(VLOOKUP(C26,_Listas!$C$2:$H$80,2,0)*D26/100,0) -> 277.1 | F26: =IFERROR(VLOOKUP(C26,_Listas!$C$2:$H$80,3,0)*D26/100,0) -> 53.55 | G26: =IFERROR(VLOOKUP(C26,_Listas!$C$2:$H$80,4,0)*D26/100,0) -> 0 | H26: =IFERROR(VLOOKUP(C26,_Listas!$C$2:$H$80,5,0)*D26/100,0) -> 6.29 | I26: 1 filé grande
C27: Laranja pera | D27: 150 | E27: =IFERROR(VLOOKUP(C27,_Listas!$C$2:$H$80,2,0)*D27/100,0) -> 69 | F27: =IFERROR(VLOOKUP(C27,_Listas!$C$2:$H$80,3,0)*D27/100,0) -> 1.35 | G27: =IFERROR(VLOOKUP(C27,_Listas!$C$2:$H$80,4,0)*D27/100,0) -> 17.25 | H27: =IFERROR(VLOOKUP(C27,_Listas!$C$2:$H$80,5,0)*D27/100,0) -> 0.15 | I27: 1 unidade grande
B28: Subtotal 🥗 Almoço | D28: =SUM(D23:D27) -> 520 | E28: =SUM(E23:E27) -> 655.3 | F28: =SUM(F23:F27) -> 62.8 | G28: =SUM(G23:G27) -> 58.99 | H28: =SUM(H23:H27) -> 18.12
B30: 🔄 Opção Almoço (alternativa)
B31: 🔄 Opção Almoço | C31: Purê de batata caseiro | D31: 150 | E31: =IFERROR(VLOOKUP(C31,_Listas!$C$2:$H$80,2,0)*D31/100,0) -> 153 | F31: =IFERROR(VLOOKUP(C31,_Listas!$C$2:$H$80,3,0)*D31/100,0) -> 3.75 | G31: =IFERROR(VLOOKUP(C31,_Listas!$C$2:$H$80,4,0)*D31/100,0) -> 25.5 | H31: =IFERROR(VLOOKUP(C31,_Listas!$C$2:$H$80,5,0)*D31/100,0) -> 4.5 | I31: 1 porção
C32: Moranga cozida | D32: 100 | E32: =IFERROR(VLOOKUP(C32,_Listas!$C$2:$H$80,2,0)*D32/100,0) -> 26 | F32: =IFERROR(VLOOKUP(C32,_Listas!$C$2:$H$80,3,0)*D32/100,0) -> 0.7 | G32: =IFERROR(VLOOKUP(C32,_Listas!$C$2:$H$80,4,0)*D32/100,0) -> 6 | H32: =IFERROR(VLOOKUP(C32,_Listas!$C$2:$H$80,5,0)*D32/100,0) -> 0.1 | I32: 1 porção
C33: Peixe grelhado | D33: 200 | E33: =IFERROR(VLOOKUP(C33,_Listas!$C$2:$H$80,2,0)*D33/100,0) -> 256 | F33: =IFERROR(VLOOKUP(C33,_Listas!$C$2:$H$80,3,0)*D33/100,0) -> 50 | G33: =IFERROR(VLOOKUP(C33,_Listas!$C$2:$H$80,4,0)*D33/100,0) -> 0 | H33: =IFERROR(VLOOKUP(C33,_Listas!$C$2:$H$80,5,0)*D33/100,0) -> 5.6 | I33: 1 filé
C34: Legumes cozidos variados | D34: 120 | E34: =IFERROR(VLOOKUP(C34,_Listas!$C$2:$H$80,2,0)*D34/100,0) -> 42 | F34: =IFERROR(VLOOKUP(C34,_Listas!$C$2:$H$80,3,0)*D34/100,0) -> 2.4 | G34: =IFERROR(VLOOKUP(C34,_Listas!$C$2:$H$80,4,0)*D34/100,0) -> 7.8 | H34: =IFERROR(VLOOKUP(C34,_Listas!$C$2:$H$80,5,0)*D34/100,0) -> 0.36 | I34: 2 porções
C35: Bombom Ouro Branco | D35: 16 | E35: =IFERROR(VLOOKUP(C35,_Listas!$C$2:$H$80,2,0)*D35/100,0) -> 83.2 | F35: =IFERROR(VLOOKUP(C35,_Listas!$C$2:$H$80,3,0)*D35/100,0) -> 0.8 | G35: =IFERROR(VLOOKUP(C35,_Listas!$C$2:$H$80,4,0)*D35/100,0) -> 9.6 | H35: =IFERROR(VLOOKUP(C35,_Listas!$C$2:$H$80,5,0)*D35/100,0) -> 4.48 | I35: 1 unidade
B37: ☕ Café da Tarde 18:00h
B38: ☕ Café da Tarde | C38: Leite de vaca integral | D38: 200 | E38: =IFERROR(VLOOKUP(C38,_Listas!$C$2:$H$80,2,0)*D38/100,0) -> 122 | F38: =IFERROR(VLOOKUP(C38,_Listas!$C$2:$H$80,3,0)*D38/100,0) -> 6.4 | G38: =IFERROR(VLOOKUP(C38,_Listas!$C$2:$H$80,4,0)*D38/100,0) -> 9.4 | H38: =IFERROR(VLOOKUP(C38,_Listas!$C$2:$H$80,5,0)*D38/100,0) -> 6.4 | I38: 1 copo
C39: Banana | D39: 60 | E39: =IFERROR(VLOOKUP(C39,_Listas!$C$2:$H$80,2,0)*D39/100,0) -> 55.2 | F39: =IFERROR(VLOOKUP(C39,_Listas!$C$2:$H$80,3,0)*D39/100,0) -> 0.78 | G39: =IFERROR(VLOOKUP(C39,_Listas!$C$2:$H$80,4,0)*D39/100,0) -> 14.28 | H39: =IFERROR(VLOOKUP(C39,_Listas!$C$2:$H$80,5,0)*D39/100,0) -> 0.06 | I39: ½ unidade
C40: Whey protein | D40: 60 | E40: =IFERROR(VLOOKUP(C40,_Listas!$C$2:$H$80,2,0)*D40/100,0) -> 224.4 | F40: =IFERROR(VLOOKUP(C40,_Listas!$C$2:$H$80,3,0)*D40/100,0) -> 48 | G40: =IFERROR(VLOOKUP(C40,_Listas!$C$2:$H$80,4,0)*D40/100,0) -> 4.8 | H40: =IFERROR(VLOOKUP(C40,_Listas!$C$2:$H$80,5,0)*D40/100,0) -> 2.4 | I40: 2 scoops
B41: Subtotal ☕ Café da Tarde | D41: =SUM(D38:D40) -> 320 | E41: =SUM(E38:E40) -> 401.6 | F41: =SUM(F38:F40) -> 55.18 | G41: =SUM(G38:G40) -> 28.48 | H41: =SUM(H38:H40) -> 8.86
B43: 🌙 Jantar 20:30h
B44: 🌙 Jantar | C44: Coca-Cola Light | D44: 350 | E44: =IFERROR(VLOOKUP(C44,_Listas!$C$2:$H$80,2,0)*D44/100,0) -> 3.5 | F44: =IFERROR(VLOOKUP(C44,_Listas!$C$2:$H$80,3,0)*D44/100,0) -> 0 | G44: =IFERROR(VLOOKUP(C44,_Listas!$C$2:$H$80,4,0)*D44/100,0) -> 1.05 | H44: =IFERROR(VLOOKUP(C44,_Listas!$C$2:$H$80,5,0)*D44/100,0) -> 0 | I44: 1 lata
C45: Pão de hambúrguer | D45: 70 | E45: =IFERROR(VLOOKUP(C45,_Listas!$C$2:$H$80,2,0)*D45/100,0) -> 196 | F45: =IFERROR(VLOOKUP(C45,_Listas!$C$2:$H$80,3,0)*D45/100,0) -> 5.6 | G45: =IFERROR(VLOOKUP(C45,_Listas!$C$2:$H$80,4,0)*D45/100,0) -> 35 | H45: =IFERROR(VLOOKUP(C45,_Listas!$C$2:$H$80,5,0)*D45/100,0) -> 3.5 | I45: 1 unidade
C46: Queijo mussarela | D46: 25 | E46: =IFERROR(VLOOKUP(C46,_Listas!$C$2:$H$80,2,0)*D46/100,0) -> 72.25 | F46: =IFERROR(VLOOKUP(C46,_Listas!$C$2:$H$80,3,0)*D46/100,0) -> 4.5 | G46: =IFERROR(VLOOKUP(C46,_Listas!$C$2:$H$80,4,0)*D46/100,0) -> 0.65 | H46: =IFERROR(VLOOKUP(C46,_Listas!$C$2:$H$80,5,0)*D46/100,0) -> 5.725 | I46: 1 fatia
C47: Requeijão | D47: 20 | E47: =IFERROR(VLOOKUP(C47,_Listas!$C$2:$H$80,2,0)*D47/100,0) -> 48 | F47: =IFERROR(VLOOKUP(C47,_Listas!$C$2:$H$80,3,0)*D47/100,0) -> 1.4 | G47: =IFERROR(VLOOKUP(C47,_Listas!$C$2:$H$80,4,0)*D47/100,0) -> 0.7 | H47: =IFERROR(VLOOKUP(C47,_Listas!$C$2:$H$80,5,0)*D47/100,0) -> 4.4 | I47: 1 col. sopa
C48: Bife contrafilé grelhado | D48: 150 | E48: =IFERROR(VLOOKUP(C48,_Listas!$C$2:$H$80,2,0)*D48/100,0) -> 355.5 | F48: =IFERROR(VLOOKUP(C48,_Listas!$C$2:$H$80,3,0)*D48/100,0) -> 49.2 | G48: =IFERROR(VLOOKUP(C48,_Listas!$C$2:$H$80,4,0)*D48/100,0) -> 0 | H48: =IFERROR(VLOOKUP(C48,_Listas!$C$2:$H$80,5,0)*D48/100,0) -> 17.1 | I48: 1 bife médio
C49: Alface crespa | D49: 10 | E49: =IFERROR(VLOOKUP(C49,_Listas!$C$2:$H$80,2,0)*D49/100,0) -> 1.1 | F49: =IFERROR(VLOOKUP(C49,_Listas!$C$2:$H$80,3,0)*D49/100,0) -> 0.13 | G49: =IFERROR(VLOOKUP(C49,_Listas!$C$2:$H$80,4,0)*D49/100,0) -> 0.17 | H49: =IFERROR(VLOOKUP(C49,_Listas!$C$2:$H$80,5,0)*D49/100,0) -> 0.02 | I49: 2 folhas
C50: Tomate | D50: 10 | E50: =IFERROR(VLOOKUP(C50,_Listas!$C$2:$H$80,2,0)*D50/100,0) -> 1.8 | F50: =IFERROR(VLOOKUP(C50,_Listas!$C$2:$H$80,3,0)*D50/100,0) -> 0.09 | G50: =IFERROR(VLOOKUP(C50,_Listas!$C$2:$H$80,4,0)*D50/100,0) -> 0.35 | H50: =IFERROR(VLOOKUP(C50,_Listas!$C$2:$H$80,5,0)*D50/100,0) -> 0.02 | I50: 1 rodela
C51: Catchup | D51: 20 | E51: =IFERROR(VLOOKUP(C51,_Listas!$C$2:$H$80,2,0)*D51/100,0) -> 20 | F51: =IFERROR(VLOOKUP(C51,_Listas!$C$2:$H$80,3,0)*D51/100,0) -> 0.3 | G51: =IFERROR(VLOOKUP(C51,_Listas!$C$2:$H$80,4,0)*D51/100,0) -> 4.8 | H51: =IFERROR(VLOOKUP(C51,_Listas!$C$2:$H$80,5,0)*D51/100,0) -> 0.08 | I51: 2 col. sobremesa
B52: Subtotal 🌙 Jantar | D52: =SUM(D44:D51) -> 655 | E52: =SUM(E44:E51) -> 698.15 | F52: =SUM(F44:F51) -> 61.22 | G52: =SUM(G44:G51) -> 42.72 | H52: =SUM(H44:H51) -> 30.845
B54: 🔄 Opção Jantar (alternativa)
B55: 🔄 Opção Jantar | C55: Macarrão cozido | D55: 150 | E55: =IFERROR(VLOOKUP(C55,_Listas!$C$2:$H$80,2,0)*D55/100,0) -> 237 | F55: =IFERROR(VLOOKUP(C55,_Listas!$C$2:$H$80,3,0)*D55/100,0) -> 7.2 | G55: =IFERROR(VLOOKUP(C55,_Listas!$C$2:$H$80,4,0)*D55/100,0) -> 47.55 | H55: =IFERROR(VLOOKUP(C55,_Listas!$C$2:$H$80,5,0)*D55/100,0) -> 1.2 | I55: 1 porção
C56: Carne bovina patinho grelhado | D56: 140 | E56: =IFERROR(VLOOKUP(C56,_Listas!$C$2:$H$80,2,0)*D56/100,0) -> 306.6 | F56: =IFERROR(VLOOKUP(C56,_Listas!$C$2:$H$80,3,0)*D56/100,0) -> 49 | G56: =IFERROR(VLOOKUP(C56,_Listas!$C$2:$H$80,4,0)*D56/100,0) -> 0 | H56: =IFERROR(VLOOKUP(C56,_Listas!$C$2:$H$80,5,0)*D56/100,0) -> 11.9 | I56: 1 bife
C57: Molho de tomate | D57: 100 | E57: =IFERROR(VLOOKUP(C57,_Listas!$C$2:$H$80,2,0)*D57/100,0) -> 35 | F57: =IFERROR(VLOOKUP(C57,_Listas!$C$2:$H$80,3,0)*D57/100,0) -> 1.5 | G57: =IFERROR(VLOOKUP(C57,_Listas!$C$2:$H$80,4,0)*D57/100,0) -> 7 | H57: =IFERROR(VLOOKUP(C57,_Listas!$C$2:$H$80,5,0)*D57/100,0) -> 0.3 | I57: 4 col. sopa
C58: Laranja pera | D58: 140 | E58: =IFERROR(VLOOKUP(C58,_Listas!$C$2:$H$80,2,0)*D58/100,0) -> 64.4 | F58: =IFERROR(VLOOKUP(C58,_Listas!$C$2:$H$80,3,0)*D58/100,0) -> 1.26 | G58: =IFERROR(VLOOKUP(C58,_Listas!$C$2:$H$80,4,0)*D58/100,0) -> 16.1 | H58: =IFERROR(VLOOKUP(C58,_Listas!$C$2:$H$80,5,0)*D58/100,0) -> 0.14 | I58: 1 unidade
B60: 📊 TOTAL DO DIA | D60: =SUM(D9:D15,D19:D19,D23:D27,D38:D40,D44:D51) -> 2231 | E60: =SUM(E9:E15,E19:E19,E23:E27,E38:E40,E44:E51) -> 2317.4 | F60: =SUM(F9:F15,F19:F19,F23:F27,F38:F40,F44:F51) -> 212.32 | G60: =SUM(G9:G15,G19:G19,G23:G27,G38:G40,G44:G51) -> 214.56 | H60: =SUM(H9:H15,H19:H19,H23:H27,H38:H40,H44:H51) -> 68.225
B61: 🎯 Status calórico: | D61: =IF(E60<C4*0.9,"⚠️ Abaixo da meta",IF(E60<=C4,"✅ Na meta",IF(E60<=C4*1.1,"🟡 Ligeiramente acima","🔴 Acima da meta"))) -> 🔴 Acima da meta
B63: 📊 RESUMO POR REFEIÇÃO
B64: Refeição | C64: Kcal | D64: % do total | E64: Prot. | F64: Carb. | G64: Gord. | H64: Horário
B65: ☕ Café da Manhã | C65: =SUM(E9:E15) -> 361.35 | D65: =IFERROR(C65/E60,0) -> 0.15592906 | E65: =SUM(F9:F15) -> 13.02 | F65: =SUM(G9:G15) -> 54.37 | G65: =SUM(H9:H15) -> 10.4 | H65: 08:00h
B66: 🍌 Lanche | C66: =SUM(E19:E19) -> 201 | D66: =IFERROR(C66/E60,0) -> 0.086735134 | E66: =SUM(F19:F19) -> 20.1 | F66: =SUM(G19:G19) -> 30 | G66: =SUM(H19:H19) -> 0 | H66: 10:00h
B67: 🥗 Almoço | C67: =SUM(E23:E27) -> 655.3 | D67: =IFERROR(C67/E60,0) -> 0.2827738 | E67: =SUM(F23:F27) -> 62.8 | F67: =SUM(G23:G27) -> 58.99 | G67: =SUM(H23:H27) -> 18.12 | H67: 13:00h
B68: ☕ Café da Tarde | C68: =SUM(E38:E40) -> 401.6 | D68: =IFERROR(C68/E60,0) -> 0.17329766 | E68: =SUM(F38:F40) -> 55.18 | F68: =SUM(G38:G40) -> 28.48 | G68: =SUM(H38:H40) -> 8.86 | H68: 18:00h
B69: 🌙 Jantar | C69: =SUM(E44:E51) -> 698.15 | D69: =IFERROR(C69/E60,0) -> 0.30126435 | E69: =SUM(F44:F51) -> 61.22 | F69: =SUM(G44:G51) -> 42.72 | G69: =SUM(H44:H51) -> 30.845 | H69: 20:30h

Sheet QUA
B2: 🍽️ PLANO ALIMENTAR · Quarta-feira 🔵 · (=Seg e Sex)
B3: ▼ Clique na seta ▼ em cada alimento para trocar · Edite a porção (g) para recalcular as calorias automaticamente
B4: Meta Kcal/dia: | C4: 2000 | D4: Peso (kg): | E4: 70 | F4: Objetivo: | G4: Emagrecimento
B6: Refeição / Horário | C6: Alimento ▼ | D6: Porção (g) | E6: Kcal | F6: Prot. (g) | G6: Carb. (g) | H6: Gord. (g) | I6: Medida caseira
B8: ☕ Café da Manhã 08:00h
B9: ☕ Café da Manhã | C9: Café sem açúcar | D9: 200 | E9: =IFERROR(VLOOKUP(C9,_Listas!$C$2:$H$80,2,0)*D9/100,0) -> 4 | F9: =IFERROR(VLOOKUP(C9,_Listas!$C$2:$H$80,3,0)*D9/100,0) -> 0.6 | G9: =IFERROR(VLOOKUP(C9,_Listas!$C$2:$H$80,4,0)*D9/100,0) -> 0 | H9: =IFERROR(VLOOKUP(C9,_Listas!$C$2:$H$80,5,0)*D9/100,0) -> 0 | I9: 200 ml
C10: Pão francês | D10: 60 | E10: =IFERROR(VLOOKUP(C10,_Listas!$C$2:$H$80,2,0)*D10/100,0) -> 180 | F10: =IFERROR(VLOOKUP(C10,_Listas!$C$2:$H$80,3,0)*D10/100,0) -> 4.8 | G10: =IFERROR(VLOOKUP(C10,_Listas!$C$2:$H$80,4,0)*D10/100,0) -> 35.16 | H10: =IFERROR(VLOOKUP(C10,_Listas!$C$2:$H$80,5,0)*D10/100,0) -> 1.86 | I10: 1 unidade
C11: Requeijão | D11: 15 | E11: =IFERROR(VLOOKUP(C11,_Listas!$C$2:$H$80,2,0)*D11/100,0) -> 36 | F11: =IFERROR(VLOOKUP(C11,_Listas!$C$2:$H$80,3,0)*D11/100,0) -> 1.05 | G11: =IFERROR(VLOOKUP(C11,_Listas!$C$2:$H$80,4,0)*D11/100,0) -> 0.525 | H11: =IFERROR(VLOOKUP(C11,_Listas!$C$2:$H$80,5,0)*D11/100,0) -> 3.3 | I11: 1 col. sopa
C12: Queijo mussarela | D12: 20 | E12: =IFERROR(VLOOKUP(C12,_Listas!$C$2:$H$80,2,0)*D12/100,0) -> 57.8 | F12: =IFERROR(VLOOKUP(C12,_Listas!$C$2:$H$80,3,0)*D12/100,0) -> 3.6 | G12: =IFERROR(VLOOKUP(C12,_Listas!$C$2:$H$80,4,0)*D12/100,0) -> 0.52 | H12: =IFERROR(VLOOKUP(C12,_Listas!$C$2:$H$80,5,0)*D12/100,0) -> 4.58 | I12: 1 fatia
C13: Banana | D13: 70 | E13: =IFERROR(VLOOKUP(C13,_Listas!$C$2:$H$80,2,0)*D13/100,0) -> 64.4 | F13: =IFERROR(VLOOKUP(C13,_Listas!$C$2:$H$80,3,0)*D13/100,0) -> 0.91 | G13: =IFERROR(VLOOKUP(C13,_Listas!$C$2:$H$80,4,0)*D13/100,0) -> 16.66 | H13: =IFERROR(VLOOKUP(C13,_Listas!$C$2:$H$80,5,0)*D13/100,0) -> 0.07 | I13: ½ unidade méd.
C14: Creatina monohidratada | D14: 6 | E14: =IFERROR(VLOOKUP(C14,_Listas!$C$2:$H$80,2,0)*D14/100,0) -> 0 | F14: =IFERROR(VLOOKUP(C14,_Listas!$C$2:$H$80,3,0)*D14/100,0) -> 0 | G14: =IFERROR(VLOOKUP(C14,_Listas!$C$2:$H$80,4,0)*D14/100,0) -> 0 | H14: =IFERROR(VLOOKUP(C14,_Listas!$C$2:$H$80,5,0)*D14/100,0) -> 0 | I14: 2 doses
B15: Subtotal ☕ Café da Manhã | D15: =SUM(D9:D14) -> 371 | E15: =SUM(E9:E14) -> 342.2 | F15: =SUM(F9:F14) -> 10.96 | G15: =SUM(G9:G14) -> 52.865 | H15: =SUM(H9:H14) -> 9.81
B17: 🍌 Lanche 10:00h
B18: 🍌 Lanche | C18: Yopro 15g High Protein | D18: 300 | E18: =IFERROR(VLOOKUP(C18,_Listas!$C$2:$H$80,2,0)*D18/100,0) -> 201 | F18: =IFERROR(VLOOKUP(C18,_Listas!$C$2:$H$80,3,0)*D18/100,0) -> 20.1 | G18: =IFERROR(VLOOKUP(C18,_Listas!$C$2:$H$80,4,0)*D18/100,0) -> 30 | H18: =IFERROR(VLOOKUP(C18,_Listas!$C$2:$H$80,5,0)*D18/100,0) -> 0 | I18: 1 unidade
B19: Subtotal 🍌 Lanche | D19: =SUM(D18:D18) -> 300 | E19: =SUM(E18:E18) -> 201 | F19: =SUM(F18:F18) -> 20.1 | G19: =SUM(G18:G18) -> 30 | H19: =SUM(H18:H18) -> 0
B21: 🥗 Almoço 13:00h
B22: 🥗 Almoço | C22: Batata inglesa assada | D22: 150 | E22: =IFERROR(VLOOKUP(C22,_Listas!$C$2:$H$80,2,0)*D22/100,0) -> 139.5 | F22: =IFERROR(VLOOKUP(C22,_Listas!$C$2:$H$80,3,0)*D22/100,0) -> 3.75 | G22: =IFERROR(VLOOKUP(C22,_Listas!$C$2:$H$80,4,0)*D22/100,0) -> 31.5 | H22: =IFERROR(VLOOKUP(C22,_Listas!$C$2:$H$80,5,0)*D22/100,0) -> 0.15 | I22: 1 unid. média
C23: Feijão preto cozido | D23: 120 | E23: =IFERROR(VLOOKUP(C23,_Listas!$C$2:$H$80,2,0)*D23/100,0) -> 92.4 | F23: =IFERROR(VLOOKUP(C23,_Listas!$C$2:$H$80,3,0)*D23/100,0) -> 5.4 | G23: =IFERROR(VLOOKUP(C23,_Listas!$C$2:$H$80,4,0)*D23/100,0) -> 16.32 | H23: =IFERROR(VLOOKUP(C23,_Listas!$C$2:$H$80,5,0)*D23/100,0) -> 0.6 | I23: 1 concha
C24: Moranga cozida | D24: 100 | E24: =IFERROR(VLOOKUP(C24,_Listas!$C$2:$H$80,2,0)*D24/100,0) -> 26 | F24: =IFERROR(VLOOKUP(C24,_Listas!$C$2:$H$80,3,0)*D24/100,0) -> 0.7 | G24: =IFERROR(VLOOKUP(C24,_Listas!$C$2:$H$80,4,0)*D24/100,0) -> 6 | H24: =IFERROR(VLOOKUP(C24,_Listas!$C$2:$H$80,5,0)*D24/100,0) -> 0.1 | I24: 1 porção
C25: Sobrecoxa de frango grelhada | D25: 150 | E25: =IFERROR(VLOOKUP(C25,_Listas!$C$2:$H$80,2,0)*D25/100,0) -> 322.5 | F25: =IFERROR(VLOOKUP(C25,_Listas!$C$2:$H$80,3,0)*D25/100,0) -> 31.5 | G25: =IFERROR(VLOOKUP(C25,_Listas!$C$2:$H$80,4,0)*D25/100,0) -> 0 | H25: =IFERROR(VLOOKUP(C25,_Listas!$C$2:$H$80,5,0)*D25/100,0) -> 21 | I25: 1 peça s/ osso
C26: Melancia | D26: 150 | E26: =IFERROR(VLOOKUP(C26,_Listas!$C$2:$H$80,2,0)*D26/100,0) -> 49.5 | F26: =IFERROR(VLOOKUP(C26,_Listas!$C$2:$H$80,3,0)*D26/100,0) -> 1.05 | G26: =IFERROR(VLOOKUP(C26,_Listas!$C$2:$H$80,4,0)*D26/100,0) -> 12 | H26: =IFERROR(VLOOKUP(C26,_Listas!$C$2:$H$80,5,0)*D26/100,0) -> 0.3 | I26: 1 fatia
B27: Subtotal 🥗 Almoço | D27: =SUM(D22:D26) -> 670 | E27: =SUM(E22:E26) -> 629.9 | F27: =SUM(F22:F26) -> 42.4 | G27: =SUM(G22:G26) -> 65.82 | H27: =SUM(H22:H26) -> 22.15
B29: ☕ Café da Tarde 18:00h
B30: ☕ Café da Tarde | C30: Café sem açúcar | D30: 200 | E30: =IFERROR(VLOOKUP(C30,_Listas!$C$2:$H$80,2,0)*D30/100,0) -> 4 | F30: =IFERROR(VLOOKUP(C30,_Listas!$C$2:$H$80,3,0)*D30/100,0) -> 0.6 | G30: =IFERROR(VLOOKUP(C30,_Listas!$C$2:$H$80,4,0)*D30/100,0) -> 0 | H30: =IFERROR(VLOOKUP(C30,_Listas!$C$2:$H$80,5,0)*D30/100,0) -> 0 | I30: 200 ml
C31: Pão francês | D31: 60 | E31: =IFERROR(VLOOKUP(C31,_Listas!$C$2:$H$80,2,0)*D31/100,0) -> 180 | F31: =IFERROR(VLOOKUP(C31,_Listas!$C$2:$H$80,3,0)*D31/100,0) -> 4.8 | G31: =IFERROR(VLOOKUP(C31,_Listas!$C$2:$H$80,4,0)*D31/100,0) -> 35.16 | H31: =IFERROR(VLOOKUP(C31,_Listas!$C$2:$H$80,5,0)*D31/100,0) -> 1.86 | I31: 1 unidade
C32: Filé de frango grelhado | D32: 50 | E32: =IFERROR(VLOOKUP(C32,_Listas!$C$2:$H$80,2,0)*D32/100,0) -> 81.5 | F32: =IFERROR(VLOOKUP(C32,_Listas!$C$2:$H$80,3,0)*D32/100,0) -> 15.75 | G32: =IFERROR(VLOOKUP(C32,_Listas!$C$2:$H$80,4,0)*D32/100,0) -> 0 | H32: =IFERROR(VLOOKUP(C32,_Listas!$C$2:$H$80,5,0)*D32/100,0) -> 1.85 | I32: ½ filé pequeno
C33: Melão | D33: 150 | E33: =IFERROR(VLOOKUP(C33,_Listas!$C$2:$H$80,2,0)*D33/100,0) -> 43.5 | F33: =IFERROR(VLOOKUP(C33,_Listas!$C$2:$H$80,3,0)*D33/100,0) -> 1.05 | G33: =IFERROR(VLOOKUP(C33,_Listas!$C$2:$H$80,4,0)*D33/100,0) -> 11.1 | H33: =IFERROR(VLOOKUP(C33,_Listas!$C$2:$H$80,5,0)*D33/100,0) -> 0.15 | I33: 1 fatia
B34: Subtotal ☕ Café da Tarde | D34: =SUM(D30:D33) -> 460 | E34: =SUM(E30:E33) -> 309 | F34: =SUM(F30:F33) -> 22.2 | G34: =SUM(G30:G33) -> 46.26 | H34: =SUM(H30:H33) -> 3.86
B36: 🌙 Jantar 20:30h
B37: 🌙 Jantar | C37: Arroz branco cozido | D37: 140 | E37: =IFERROR(VLOOKUP(C37,_Listas!$C$2:$H$80,2,0)*D37/100,0) -> 179.2 | F37: =IFERROR(VLOOKUP(C37,_Listas!$C$2:$H$80,3,0)*D37/100,0) -> 3.5 | G37: =IFERROR(VLOOKUP(C37,_Listas!$C$2:$H$80,4,0)*D37/100,0) -> 39.34 | H37: =IFERROR(VLOOKUP(C37,_Listas!$C$2:$H$80,5,0)*D37/100,0) -> 0.28 | I37: 4 col. sopa
C38: Feijão preto cozido | D38: 120 | E38: =IFERROR(VLOOKUP(C38,_Listas!$C$2:$H$80,2,0)*D38/100,0) -> 92.4 | F38: =IFERROR(VLOOKUP(C38,_Listas!$C$2:$H$80,3,0)*D38/100,0) -> 5.4 | G38: =IFERROR(VLOOKUP(C38,_Listas!$C$2:$H$80,4,0)*D38/100,0) -> 16.32 | H38: =IFERROR(VLOOKUP(C38,_Listas!$C$2:$H$80,5,0)*D38/100,0) -> 0.6 | I38: 1 concha
C39: Filé de frango grelhado | D39: 140 | E39: =IFERROR(VLOOKUP(C39,_Listas!$C$2:$H$80,2,0)*D39/100,0) -> 228.2 | F39: =IFERROR(VLOOKUP(C39,_Listas!$C$2:$H$80,3,0)*D39/100,0) -> 44.1 | G39: =IFERROR(VLOOKUP(C39,_Listas!$C$2:$H$80,4,0)*D39/100,0) -> 0 | H39: =IFERROR(VLOOKUP(C39,_Listas!$C$2:$H$80,5,0)*D39/100,0) -> 5.18 | I39: 1 filé médio
C40: Melão | D40: 150 | E40: =IFERROR(VLOOKUP(C40,_Listas!$C$2:$H$80,2,0)*D40/100,0) -> 43.5 | F40: =IFERROR(VLOOKUP(C40,_Listas!$C$2:$H$80,3,0)*D40/100,0) -> 1.05 | G40: =IFERROR(VLOOKUP(C40,_Listas!$C$2:$H$80,4,0)*D40/100,0) -> 11.1 | H40: =IFERROR(VLOOKUP(C40,_Listas!$C$2:$H$80,5,0)*D40/100,0) -> 0.15 | I40: 1 fatia
B41: Subtotal 🌙 Jantar | D41: =SUM(D37:D40) -> 550 | E41: =SUM(E37:E40) -> 543.3 | F41: =SUM(F37:F40) -> 54.05 | G41: =SUM(G37:G40) -> 66.76 | H41: =SUM(H37:H40) -> 6.21
B43: 🔄 Opção Jantar (alternativa)
B44: 🔄 Opção Jantar | C44: Suco de laranja natural | D44: 200 | E44: =IFERROR(VLOOKUP(C44,_Listas!$C$2:$H$80,2,0)*D44/100,0) -> 90 | F44: =IFERROR(VLOOKUP(C44,_Listas!$C$2:$H$80,3,0)*D44/100,0) -> 1.4 | G44: =IFERROR(VLOOKUP(C44,_Listas!$C$2:$H$80,4,0)*D44/100,0) -> 21.4 | H44: =IFERROR(VLOOKUP(C44,_Listas!$C$2:$H$80,5,0)*D44/100,0) -> 0.4 | I44: 1 copo
C45: Tapioca de goma | D45: 30 | E45: =IFERROR(VLOOKUP(C45,_Listas!$C$2:$H$80,2,0)*D45/100,0) -> 106.2 | F45: =IFERROR(VLOOKUP(C45,_Listas!$C$2:$H$80,3,0)*D45/100,0) -> 0.03 | G45: =IFERROR(VLOOKUP(C45,_Listas!$C$2:$H$80,4,0)*D45/100,0) -> 26.34 | H45: =IFERROR(VLOOKUP(C45,_Listas!$C$2:$H$80,5,0)*D45/100,0) -> 0.09 | I45: 1 tapioca peq.
C46: Ovo de galinha cozido | D46: 100 | E46: =IFERROR(VLOOKUP(C46,_Listas!$C$2:$H$80,2,0)*D46/100,0) -> 146 | F46: =IFERROR(VLOOKUP(C46,_Listas!$C$2:$H$80,3,0)*D46/100,0) -> 13.3 | G46: =IFERROR(VLOOKUP(C46,_Listas!$C$2:$H$80,4,0)*D46/100,0) -> 0.6 | H46: =IFERROR(VLOOKUP(C46,_Listas!$C$2:$H$80,5,0)*D46/100,0) -> 10 | I46: 2 unidades
C47: Queijo mussarela | D47: 20 | E47: =IFERROR(VLOOKUP(C47,_Listas!$C$2:$H$80,2,0)*D47/100,0) -> 57.8 | F47: =IFERROR(VLOOKUP(C47,_Listas!$C$2:$H$80,3,0)*D47/100,0) -> 3.6 | G47: =IFERROR(VLOOKUP(C47,_Listas!$C$2:$H$80,4,0)*D47/100,0) -> 0.52 | H47: =IFERROR(VLOOKUP(C47,_Listas!$C$2:$H$80,5,0)*D47/100,0) -> 4.58 | I47: 1 fatia
C48: Filé de frango grelhado | D48: 80 | E48: =IFERROR(VLOOKUP(C48,_Listas!$C$2:$H$80,2,0)*D48/100,0) -> 130.4 | F48: =IFERROR(VLOOKUP(C48,_Listas!$C$2:$H$80,3,0)*D48/100,0) -> 25.2 | G48: =IFERROR(VLOOKUP(C48,_Listas!$C$2:$H$80,4,0)*D48/100,0) -> 0 | H48: =IFERROR(VLOOKUP(C48,_Listas!$C$2:$H$80,5,0)*D48/100,0) -> 2.96 | I48: 1 filé pequeno
B50: 📊 TOTAL DO DIA | D50: =SUM(D9:D14,D18:D18,D22:D26,D30:D33,D37:D40) -> 2351 | E50: =SUM(E9:E14,E18:E18,E22:E26,E30:E33,E37:E40) -> 2025.4 | F50: =SUM(F9:F14,F18:F18,F22:F26,F30:F33,F37:F40) -> 149.71 | G50: =SUM(G9:G14,G18:G18,G22:G26,G30:G33,G37:G40) -> 261.705 | H50: =SUM(H9:H14,H18:H18,H22:H26,H30:H33,H37:H40) -> 42.03
B51: 🎯 Status calórico: | D51: =IF(E50<C4*0.9,"⚠️ Abaixo da meta",IF(E50<=C4,"✅ Na meta",IF(E50<=C4*1.1,"🟡 Ligeiramente acima","🔴 Acima da meta"))) -> 🟡 Ligeiramente acima
B53: 📊 RESUMO POR REFEIÇÃO
B54: Refeição | C54: Kcal | D54: % do total | E54: Prot. | F54: Carb. | G54: Gord. | H54: Horário
B55: ☕ Café da Manhã | C55: =SUM(E9:E14) -> 342.2 | D55: =IFERROR(C55/E50,0) -> 0.16895428 | E55: =SUM(F9:F14) -> 10.96 | F55: =SUM(G9:G14) -> 52.865 | G55: =SUM(H9:H14) -> 9.81 | H55: 08:00h
B56: 🍌 Lanche | C56: =SUM(E18:E18) -> 201 | D56: =IFERROR(C56/E50,0) -> 0.099239656 | E56: =SUM(F18:F18) -> 20.1 | F56: =SUM(G18:G18) -> 30 | G56: =SUM(H18:H18) -> 0 | H56: 10:00h
B57: 🥗 Almoço | C57: =SUM(E22:E26) -> 629.9 | D57: =IFERROR(C57/E50,0) -> 0.3110003 | E57: =SUM(F22:F26) -> 42.4 | F57: =SUM(G22:G26) -> 65.82 | G57: =SUM(H22:H26) -> 22.15 | H57: 13:00h
B58: ☕ Café da Tarde | C58: =SUM(E30:E33) -> 309 | D58: =IFERROR(C58/E50,0) -> 0.15256246 | E58: =SUM(F30:F33) -> 22.2 | F58: =SUM(G30:G33) -> 46.26 | G58: =SUM(H30:H33) -> 3.86 | H58: 18:00h
B59: 🌙 Jantar | C59: =SUM(E37:E40) -> 543.3 | D59: =IFERROR(C59/E50,0) -> 0.26824331 | E59: =SUM(F37:F40) -> 54.05 | F59: =SUM(G37:G40) -> 66.76 | G59: =SUM(H37:H40) -> 6.21 | H59: 20:30h

Sheet QUI
B2: 🍽️ PLANO ALIMENTAR · Quinta-feira 🟢 · (=Ter e Sab)
B3: ▼ Clique na seta ▼ em cada alimento para trocar · Edite a porção (g) para recalcular as calorias automaticamente
B4: Meta Kcal/dia: | C4: 2000 | D4: Peso (kg): | E4: 70 | F4: Objetivo: | G4: Emagrecimento
B6: Refeição / Horário | C6: Alimento ▼ | D6: Porção (g) | E6: Kcal | F6: Prot. (g) | G6: Carb. (g) | H6: Gord. (g) | I6: Medida caseira
B8: ☕ Café da Manhã 08:00h
B9: ☕ Café da Manhã | C9: Café sem açúcar | D9: 200 | E9: =IFERROR(VLOOKUP(C9,_Listas!$C$2:$H$80,2,0)*D9/100,0) -> 4 | F9: =IFERROR(VLOOKUP(C9,_Listas!$C$2:$H$80,3,0)*D9/100,0) -> 0.6 | G9: =IFERROR(VLOOKUP(C9,_Listas!$C$2:$H$80,4,0)*D9/100,0) -> 0 | H9: =IFERROR(VLOOKUP(C9,_Listas!$C$2:$H$80,5,0)*D9/100,0) -> 0 | I9: 200 ml
C10: Pão francês | D10: 60 | E10: =IFERROR(VLOOKUP(C10,_Listas!$C$2:$H$80,2,0)*D10/100,0) -> 180 | F10: =IFERROR(VLOOKUP(C10,_Listas!$C$2:$H$80,3,0)*D10/100,0) -> 4.8 | G10: =IFERROR(VLOOKUP(C10,_Listas!$C$2:$H$80,4,0)*D10/100,0) -> 35.16 | H10: =IFERROR(VLOOKUP(C10,_Listas!$C$2:$H$80,5,0)*D10/100,0) -> 1.86 | I10: 1 unidade
C11: Requeijão | D11: 15 | E11: =IFERROR(VLOOKUP(C11,_Listas!$C$2:$H$80,2,0)*D11/100,0) -> 36 | F11: =IFERROR(VLOOKUP(C11,_Listas!$C$2:$H$80,3,0)*D11/100,0) -> 1.05 | G11: =IFERROR(VLOOKUP(C11,_Listas!$C$2:$H$80,4,0)*D11/100,0) -> 0.525 | H11: =IFERROR(VLOOKUP(C11,_Listas!$C$2:$H$80,5,0)*D11/100,0) -> 3.3 | I11: 1 col. sopa
C12: Queijo mussarela | D12: 20 | E12: =IFERROR(VLOOKUP(C12,_Listas!$C$2:$H$80,2,0)*D12/100,0) -> 57.8 | F12: =IFERROR(VLOOKUP(C12,_Listas!$C$2:$H$80,3,0)*D12/100,0) -> 3.6 | G12: =IFERROR(VLOOKUP(C12,_Listas!$C$2:$H$80,4,0)*D12/100,0) -> 0.52 | H12: =IFERROR(VLOOKUP(C12,_Listas!$C$2:$H$80,5,0)*D12/100,0) -> 4.58 | I12: 1 fatia
C13: Peito de peru fatiado | D13: 15 | E13: =IFERROR(VLOOKUP(C13,_Listas!$C$2:$H$80,2,0)*D13/100,0) -> 16.35 | F13: =IFERROR(VLOOKUP(C13,_Listas!$C$2:$H$80,3,0)*D13/100,0) -> 2.61 | G13: =IFERROR(VLOOKUP(C13,_Listas!$C$2:$H$80,4,0)*D13/100,0) -> 0.285 | H13: =IFERROR(VLOOKUP(C13,_Listas!$C$2:$H$80,5,0)*D13/100,0) -> 0.54 | I13: 1 fatia
C14: Maçã com casca | D14: 120 | E14: =IFERROR(VLOOKUP(C14,_Listas!$C$2:$H$80,2,0)*D14/100,0) -> 67.2 | F14: =IFERROR(VLOOKUP(C14,_Listas!$C$2:$H$80,3,0)*D14/100,0) -> 0.36 | G14: =IFERROR(VLOOKUP(C14,_Listas!$C$2:$H$80,4,0)*D14/100,0) -> 17.88 | H14: =IFERROR(VLOOKUP(C14,_Listas!$C$2:$H$80,5,0)*D14/100,0) -> 0.12 | I14: 1 unid. média
C15: Creatina monohidratada | D15: 6 | E15: =IFERROR(VLOOKUP(C15,_Listas!$C$2:$H$80,2,0)*D15/100,0) -> 0 | F15: =IFERROR(VLOOKUP(C15,_Listas!$C$2:$H$80,3,0)*D15/100,0) -> 0 | G15: =IFERROR(VLOOKUP(C15,_Listas!$C$2:$H$80,4,0)*D15/100,0) -> 0 | H15: =IFERROR(VLOOKUP(C15,_Listas!$C$2:$H$80,5,0)*D15/100,0) -> 0 | I15: 2 doses
B16: Subtotal ☕ Café da Manhã | D16: =SUM(D9:D15) -> 436 | E16: =SUM(E9:E15) -> 361.35 | F16: =SUM(F9:F15) -> 13.02 | G16: =SUM(G9:G15) -> 54.37 | H16: =SUM(H9:H15) -> 10.4
B18: 🍌 Lanche 10:00h
B19: 🍌 Lanche | C19: Yopro 15g High Protein | D19: 300 | E19: =IFERROR(VLOOKUP(C19,_Listas!$C$2:$H$80,2,0)*D19/100,0) -> 201 | F19: =IFERROR(VLOOKUP(C19,_Listas!$C$2:$H$80,3,0)*D19/100,0) -> 20.1 | G19: =IFERROR(VLOOKUP(C19,_Listas!$C$2:$H$80,4,0)*D19/100,0) -> 30 | H19: =IFERROR(VLOOKUP(C19,_Listas!$C$2:$H$80,5,0)*D19/100,0) -> 0 | I19: 1 unidade
B20: Subtotal 🍌 Lanche | D20: =SUM(D19:D19) -> 300 | E20: =SUM(E19:E19) -> 201 | F20: =SUM(F19:F19) -> 20.1 | G20: =SUM(G19:G19) -> 30 | H20: =SUM(H19:H19) -> 0
B22: 🥗 Almoço 13:00h
B23: 🥗 Almoço | C23: Arroz branco cozido | D23: 140 | E23: =IFERROR(VLOOKUP(C23,_Listas!$C$2:$H$80,2,0)*D23/100,0) -> 179.2 | F23: =IFERROR(VLOOKUP(C23,_Listas!$C$2:$H$80,3,0)*D23/100,0) -> 3.5 | G23: =IFERROR(VLOOKUP(C23,_Listas!$C$2:$H$80,4,0)*D23/100,0) -> 39.34 | H23: =IFERROR(VLOOKUP(C23,_Listas!$C$2:$H$80,5,0)*D23/100,0) -> 0.28 | I23: 4 col. sopa
C24: Patê de ricota | D24: 20 | E24: =IFERROR(VLOOKUP(C24,_Listas!$C$2:$H$80,2,0)*D24/100,0) -> 34 | F24: =IFERROR(VLOOKUP(C24,_Listas!$C$2:$H$80,3,0)*D24/100,0) -> 1.6 | G24: =IFERROR(VLOOKUP(C24,_Listas!$C$2:$H$80,4,0)*D24/100,0) -> 1 | H24: =IFERROR(VLOOKUP(C24,_Listas!$C$2:$H$80,5,0)*D24/100,0) -> 2.6 | I24: 1 col. sopa
C25: Requeijão | D25: 40 | E25: =IFERROR(VLOOKUP(C25,_Listas!$C$2:$H$80,2,0)*D25/100,0) -> 96 | F25: =IFERROR(VLOOKUP(C25,_Listas!$C$2:$H$80,3,0)*D25/100,0) -> 2.8 | G25: =IFERROR(VLOOKUP(C25,_Listas!$C$2:$H$80,4,0)*D25/100,0) -> 1.4 | H25: =IFERROR(VLOOKUP(C25,_Listas!$C$2:$H$80,5,0)*D25/100,0) -> 8.8 | I25: 2 col. sopa
C26: Filé de frango grelhado | D26: 170 | E26: =IFERROR(VLOOKUP(C26,_Listas!$C$2:$H$80,2,0)*D26/100,0) -> 277.1 | F26: =IFERROR(VLOOKUP(C26,_Listas!$C$2:$H$80,3,0)*D26/100,0) -> 53.55 | G26: =IFERROR(VLOOKUP(C26,_Listas!$C$2:$H$80,4,0)*D26/100,0) -> 0 | H26: =IFERROR(VLOOKUP(C26,_Listas!$C$2:$H$80,5,0)*D26/100,0) -> 6.29 | I26: 1 filé grande
C27: Laranja pera | D27: 150 | E27: =IFERROR(VLOOKUP(C27,_Listas!$C$2:$H$80,2,0)*D27/100,0) -> 69 | F27: =IFERROR(VLOOKUP(C27,_Listas!$C$2:$H$80,3,0)*D27/100,0) -> 1.35 | G27: =IFERROR(VLOOKUP(C27,_Listas!$C$2:$H$80,4,0)*D27/100,0) -> 17.25 | H27: =IFERROR(VLOOKUP(C27,_Listas!$C$2:$H$80,5,0)*D27/100,0) -> 0.15 | I27: 1 unidade grande
B28: Subtotal 🥗 Almoço | D28: =SUM(D23:D27) -> 520 | E28: =SUM(E23:E27) -> 655.3 | F28: =SUM(F23:F27) -> 62.8 | G28: =SUM(G23:G27) -> 58.99 | H28: =SUM(H23:H27) -> 18.12
B30: 🔄 Opção Almoço (alternativa)
B31: 🔄 Opção Almoço | C31: Purê de batata caseiro | D31: 150 | E31: =IFERROR(VLOOKUP(C31,_Listas!$C$2:$H$80,2,0)*D31/100,0) -> 153 | F31: =IFERROR(VLOOKUP(C31,_Listas!$C$2:$H$80,3,0)*D31/100,0) -> 3.75 | G31: =IFERROR(VLOOKUP(C31,_Listas!$C$2:$H$80,4,0)*D31/100,0) -> 25.5 | H31: =IFERROR(VLOOKUP(C31,_Listas!$C$2:$H$80,5,0)*D31/100,0) -> 4.5 | I31: 1 porção
C32: Moranga cozida | D32: 100 | E32: =IFERROR(VLOOKUP(C32,_Listas!$C$2:$H$80,2,0)*D32/100,0) -> 26 | F32: =IFERROR(VLOOKUP(C32,_Listas!$C$2:$H$80,3,0)*D32/100,0) -> 0.7 | G32: =IFERROR(VLOOKUP(C32,_Listas!$C$2:$H$80,4,0)*D32/100,0) -> 6 | H32: =IFERROR(VLOOKUP(C32,_Listas!$C$2:$H$80,5,0)*D32/100,0) -> 0.1 | I32: 1 porção
C33: Peixe grelhado | D33: 200 | E33: =IFERROR(VLOOKUP(C33,_Listas!$C$2:$H$80,2,0)*D33/100,0) -> 256 | F33: =IFERROR(VLOOKUP(C33,_Listas!$C$2:$H$80,3,0)*D33/100,0) -> 50 | G33: =IFERROR(VLOOKUP(C33,_Listas!$C$2:$H$80,4,0)*D33/100,0) -> 0 | H33: =IFERROR(VLOOKUP(C33,_Listas!$C$2:$H$80,5,0)*D33/100,0) -> 5.6 | I33: 1 filé
C34: Legumes cozidos variados | D34: 120 | E34: =IFERROR(VLOOKUP(C34,_Listas!$C$2:$H$80,2,0)*D34/100,0) -> 42 | F34: =IFERROR(VLOOKUP(C34,_Listas!$C$2:$H$80,3,0)*D34/100,0) -> 2.4 | G34: =IFERROR(VLOOKUP(C34,_Listas!$C$2:$H$80,4,0)*D34/100,0) -> 7.8 | H34: =IFERROR(VLOOKUP(C34,_Listas!$C$2:$H$80,5,0)*D34/100,0) -> 0.36 | I34: 2 porções
C35: Bombom Ouro Branco | D35: 16 | E35: =IFERROR(VLOOKUP(C35,_Listas!$C$2:$H$80,2,0)*D35/100,0) -> 83.2 | F35: =IFERROR(VLOOKUP(C35,_Listas!$C$2:$H$80,3,0)*D35/100,0) -> 0.8 | G35: =IFERROR(VLOOKUP(C35,_Listas!$C$2:$H$80,4,0)*D35/100,0) -> 9.6 | H35: =IFERROR(VLOOKUP(C35,_Listas!$C$2:$H$80,5,0)*D35/100,0) -> 4.48 | I35: 1 unidade
B37: ☕ Café da Tarde 18:00h
B38: ☕ Café da Tarde | C38: Leite de vaca integral | D38: 200 | E38: =IFERROR(VLOOKUP(C38,_Listas!$C$2:$H$80,2,0)*D38/100,0) -> 122 | F38: =IFERROR(VLOOKUP(C38,_Listas!$C$2:$H$80,3,0)*D38/100,0) -> 6.4 | G38: =IFERROR(VLOOKUP(C38,_Listas!$C$2:$H$80,4,0)*D38/100,0) -> 9.4 | H38: =IFERROR(VLOOKUP(C38,_Listas!$C$2:$H$80,5,0)*D38/100,0) -> 6.4 | I38: 1 copo
C39: Banana | D39: 60 | E39: =IFERROR(VLOOKUP(C39,_Listas!$C$2:$H$80,2,0)*D39/100,0) -> 55.2 | F39: =IFERROR(VLOOKUP(C39,_Listas!$C$2:$H$80,3,0)*D39/100,0) -> 0.78 | G39: =IFERROR(VLOOKUP(C39,_Listas!$C$2:$H$80,4,0)*D39/100,0) -> 14.28 | H39: =IFERROR(VLOOKUP(C39,_Listas!$C$2:$H$80,5,0)*D39/100,0) -> 0.06 | I39: ½ unidade
C40: Whey protein | D40: 60 | E40: =IFERROR(VLOOKUP(C40,_Listas!$C$2:$H$80,2,0)*D40/100,0) -> 224.4 | F40: =IFERROR(VLOOKUP(C40,_Listas!$C$2:$H$80,3,0)*D40/100,0) -> 48 | G40: =IFERROR(VLOOKUP(C40,_Listas!$C$2:$H$80,4,0)*D40/100,0) -> 4.8 | H40: =IFERROR(VLOOKUP(C40,_Listas!$C$2:$H$80,5,0)*D40/100,0) -> 2.4 | I40: 2 scoops
B41: Subtotal ☕ Café da Tarde | D41: =SUM(D38:D40) -> 320 | E41: =SUM(E38:E40) -> 401.6 | F41: =SUM(F38:F40) -> 55.18 | G41: =SUM(G38:G40) -> 28.48 | H41: =SUM(H38:H40) -> 8.86
B43: 🌙 Jantar 20:30h
B44: 🌙 Jantar | C44: Coca-Cola Light | D44: 350 | E44: =IFERROR(VLOOKUP(C44,_Listas!$C$2:$H$80,2,0)*D44/100,0) -> 3.5 | F44: =IFERROR(VLOOKUP(C44,_Listas!$C$2:$H$80,3,0)*D44/100,0) -> 0 | G44: =IFERROR(VLOOKUP(C44,_Listas!$C$2:$H$80,4,0)*D44/100,0) -> 1.05 | H44: =IFERROR(VLOOKUP(C44,_Listas!$C$2:$H$80,5,0)*D44/100,0) -> 0 | I44: 1 lata
C45: Pão de hambúrguer | D45: 70 | E45: =IFERROR(VLOOKUP(C45,_Listas!$C$2:$H$80,2,0)*D45/100,0) -> 196 | F45: =IFERROR(VLOOKUP(C45,_Listas!$C$2:$H$80,3,0)*D45/100,0) -> 5.6 | G45: =IFERROR(VLOOKUP(C45,_Listas!$C$2:$H$80,4,0)*D45/100,0) -> 35 | H45: =IFERROR(VLOOKUP(C45,_Listas!$C$2:$H$80,5,0)*D45/100,0) -> 3.5 | I45: 1 unidade
C46: Queijo mussarela | D46: 25 | E46: =IFERROR(VLOOKUP(C46,_Listas!$C$2:$H$80,2,0)*D46/100,0) -> 72.25 | F46: =IFERROR(VLOOKUP(C46,_Listas!$C$2:$H$80,3,0)*D46/100,0) -> 4.5 | G46: =IFERROR(VLOOKUP(C46,_Listas!$C$2:$H$80,4,0)*D46/100,0) -> 0.65 | H46: =IFERROR(VLOOKUP(C46,_Listas!$C$2:$H$80,5,0)*D46/100,0) -> 5.725 | I46: 1 fatia
C47: Requeijão | D47: 20 | E47: =IFERROR(VLOOKUP(C47,_Listas!$C$2:$H$80,2,0)*D47/100,0) -> 48 | F47: =IFERROR(VLOOKUP(C47,_Listas!$C$2:$H$80,3,0)*D47/100,0) -> 1.4 | G47: =IFERROR(VLOOKUP(C47,_Listas!$C$2:$H$80,4,0)*D47/100,0) -> 0.7 | H47: =IFERROR(VLOOKUP(C47,_Listas!$C$2:$H$80,5,0)*D47/100,0) -> 4.4 | I47: 1 col. sopa
C48: Bife contrafilé grelhado | D48: 150 | E48: =IFERROR(VLOOKUP(C48,_Listas!$C$2:$H$80,2,0)*D48/100,0) -> 355.5 | F48: =IFERROR(VLOOKUP(C48,_Listas!$C$2:$H$80,3,0)*D48/100,0) -> 49.2 | G48: =IFERROR(VLOOKUP(C48,_Listas!$C$2:$H$80,4,0)*D48/100,0) -> 0 | H48: =IFERROR(VLOOKUP(C48,_Listas!$C$2:$H$80,5,0)*D48/100,0) -> 17.1 | I48: 1 bife médio
C49: Alface crespa | D49: 10 | E49: =IFERROR(VLOOKUP(C49,_Listas!$C$2:$H$80,2,0)*D49/100,0) -> 1.1 | F49: =IFERROR(VLOOKUP(C49,_Listas!$C$2:$H$80,3,0)*D49/100,0) -> 0.13 | G49: =IFERROR(VLOOKUP(C49,_Listas!$C$2:$H$80,4,0)*D49/100,0) -> 0.17 | H49: =IFERROR(VLOOKUP(C49,_Listas!$C$2:$H$80,5,0)*D49/100,0) -> 0.02 | I49: 2 folhas
C50: Tomate | D50: 10 | E50: =IFERROR(VLOOKUP(C50,_Listas!$C$2:$H$80,2,0)*D50/100,0) -> 1.8 | F50: =IFERROR(VLOOKUP(C50,_Listas!$C$2:$H$80,3,0)*D50/100,0) -> 0.09 | G50: =IFERROR(VLOOKUP(C50,_Listas!$C$2:$H$80,4,0)*D50/100,0) -> 0.35 | H50: =IFERROR(VLOOKUP(C50,_Listas!$C$2:$H$80,5,0)*D50/100,0) -> 0.02 | I50: 1 rodela
C51: Catchup | D51: 20 | E51: =IFERROR(VLOOKUP(C51,_Listas!$C$2:$H$80,2,0)*D51/100,0) -> 20 | F51: =IFERROR(VLOOKUP(C51,_Listas!$C$2:$H$80,3,0)*D51/100,0) -> 0.3 | G51: =IFERROR(VLOOKUP(C51,_Listas!$C$2:$H$80,4,0)*D51/100,0) -> 4.8 | H51: =IFERROR(VLOOKUP(C51,_Listas!$C$2:$H$80,5,0)*D51/100,0) -> 0.08 | I51: 2 col. sobremesa
B52: Subtotal 🌙 Jantar | D52: =SUM(D44:D51) -> 655 | E52: =SUM(E44:E51) -> 698.15 | F52: =SUM(F44:F51) -> 61.22 | G52: =SUM(G44:G51) -> 42.72 | H52: =SUM(H44:H51) -> 30.845
B54: 🔄 Opção Jantar (alternativa)
B55: 🔄 Opção Jantar | C55: Macarrão cozido | D55: 150 | E55: =IFERROR(VLOOKUP(C55,_Listas!$C$2:$H$80,2,0)*D55/100,0) -> 237 | F55: =IFERROR(VLOOKUP(C55,_Listas!$C$2:$H$80,3,0)*D55/100,0) -> 7.2 | G55: =IFERROR(VLOOKUP(C55,_Listas!$C$2:$H$80,4,0)*D55/100,0) -> 47.55 | H55: =IFERROR(VLOOKUP(C55,_Listas!$C$2:$H$80,5,0)*D55/100,0) -> 1.2 | I55: 1 porção
C56: Carne bovina patinho grelhado | D56: 140 | E56: =IFERROR(VLOOKUP(C56,_Listas!$C$2:$H$80,2,0)*D56/100,0) -> 306.6 | F56: =IFERROR(VLOOKUP(C56,_Listas!$C$2:$H$80,3,0)*D56/100,0) -> 49 | G56: =IFERROR(VLOOKUP(C56,_Listas!$C$2:$H$80,4,0)*D56/100,0) -> 0 | H56: =IFERROR(VLOOKUP(C56,_Listas!$C$2:$H$80,5,0)*D56/100,0) -> 11.9 | I56: 1 bife
C57: Molho de tomate | D57: 100 | E57: =IFERROR(VLOOKUP(C57,_Listas!$C$2:$H$80,2,0)*D57/100,0) -> 35 | F57: =IFERROR(VLOOKUP(C57,_Listas!$C$2:$H$80,3,0)*D57/100,0) -> 1.5 | G57: =IFERROR(VLOOKUP(C57,_Listas!$C$2:$H$80,4,0)*D57/100,0) -> 7 | H57: =IFERROR(VLOOKUP(C57,_Listas!$C$2:$H$80,5,0)*D57/100,0) -> 0.3 | I57: 4 col. sopa
C58: Laranja pera | D58: 140 | E58: =IFERROR(VLOOKUP(C58,_Listas!$C$2:$H$80,2,0)*D58/100,0) -> 64.4 | F58: =IFERROR(VLOOKUP(C58,_Listas!$C$2:$H$80,3,0)*D58/100,0) -> 1.26 | G58: =IFERROR(VLOOKUP(C58,_Listas!$C$2:$H$80,4,0)*D58/100,0) -> 16.1 | H58: =IFERROR(VLOOKUP(C58,_Listas!$C$2:$H$80,5,0)*D58/100,0) -> 0.14 | I58: 1 unidade
B60: 📊 TOTAL DO DIA | D60: =SUM(D9:D15,D19:D19,D23:D27,D38:D40,D44:D51) -> 2231 | E60: =SUM(E9:E15,E19:E19,E23:E27,E38:E40,E44:E51) -> 2317.4 | F60: =SUM(F9:F15,F19:F19,F23:F27,F38:F40,F44:F51) -> 212.32 | G60: =SUM(G9:G15,G19:G19,G23:G27,G38:G40,G44:G51) -> 214.56 | H60: =SUM(H9:H15,H19:H19,H23:H27,H38:H40,H44:H51) -> 68.225
B61: 🎯 Status calórico: | D61: =IF(E60<C4*0.9,"⚠️ Abaixo da meta",IF(E60<=C4,"✅ Na meta",IF(E60<=C4*1.1,"🟡 Ligeiramente acima","🔴 Acima da meta"))) -> 🔴 Acima da meta
B63: 📊 RESUMO POR REFEIÇÃO
B64: Refeição | C64: Kcal | D64: % do total | E64: Prot. | F64: Carb. | G64: Gord. | H64: Horário
B65: ☕ Café da Manhã | C65: =SUM(E9:E15) -> 361.35 | D65: =IFERROR(C65/E60,0) -> 0.15592906 | E65: =SUM(F9:F15) -> 13.02 | F65: =SUM(G9:G15) -> 54.37 | G65: =SUM(H9:H15) -> 10.4 | H65: 08:00h
B66: 🍌 Lanche | C66: =SUM(E19:E19) -> 201 | D66: =IFERROR(C66/E60,0) -> 0.086735134 | E66: =SUM(F19:F19) -> 20.1 | F66: =SUM(G19:G19) -> 30 | G66: =SUM(H19:H19) -> 0 | H66: 10:00h
B67: 🥗 Almoço | C67: =SUM(E23:E27) -> 655.3 | D67: =IFERROR(C67/E60,0) -> 0.2827738 | E67: =SUM(F23:F27) -> 62.8 | F67: =SUM(G23:G27) -> 58.99 | G67: =SUM(H23:H27) -> 18.12 | H67: 13:00h
B68: ☕ Café da Tarde | C68: =SUM(E38:E40) -> 401.6 | D68: =IFERROR(C68/E60,0) -> 0.17329766 | E68: =SUM(F38:F40) -> 55.18 | F68: =SUM(G38:G40) -> 28.48 | G68: =SUM(H38:H40) -> 8.86 | H68: 18:00h
B69: 🌙 Jantar | C69: =SUM(E44:E51) -> 698.15 | D69: =IFERROR(C69/E60,0) -> 0.30126435 | E69: =SUM(F44:F51) -> 61.22 | F69: =SUM(G44:G51) -> 42.72 | G69: =SUM(H44:H51) -> 30.845 | H69: 20:30h

Sheet SEX
B2: 🍽️ PLANO ALIMENTAR · Sexta-feira 🔵 · (=Seg e Qua)
B3: ▼ Clique na seta ▼ em cada alimento para trocar · Edite a porção (g) para recalcular as calorias automaticamente
B4: Meta Kcal/dia: | C4: 2000 | D4: Peso (kg): | E4: 70 | F4: Objetivo: | G4: Emagrecimento
B6: Refeição / Horário | C6: Alimento ▼ | D6: Porção (g) | E6: Kcal | F6: Prot. (g) | G6: Carb. (g) | H6: Gord. (g) | I6: Medida caseira
B8: ☕ Café da Manhã 08:00h
B9: ☕ Café da Manhã | C9: Café sem açúcar | D9: 200 | E9: =IFERROR(VLOOKUP(C9,_Listas!$C$2:$H$80,2,0)*D9/100,0) -> 4 | F9: =IFERROR(VLOOKUP(C9,_Listas!$C$2:$H$80,3,0)*D9/100,0) -> 0.6 | G9: =IFERROR(VLOOKUP(C9,_Listas!$C$2:$H$80,4,0)*D9/100,0) -> 0 | H9: =IFERROR(VLOOKUP(C9,_Listas!$C$2:$H$80,5,0)*D9/100,0) -> 0 | I9: 200 ml
C10: Pão francês | D10: 60 | E10: =IFERROR(VLOOKUP(C10,_Listas!$C$2:$H$80,2,0)*D10/100,0) -> 180 | F10: =IFERROR(VLOOKUP(C10,_Listas!$C$2:$H$80,3,0)*D10/100,0) -> 4.8 | G10: =IFERROR(VLOOKUP(C10,_Listas!$C$2:$H$80,4,0)*D10/100,0) -> 35.16 | H10: =IFERROR(VLOOKUP(C10,_Listas!$C$2:$H$80,5,0)*D10/100,0) -> 1.86 | I10: 1 unidade
C11: Requeijão | D11: 15 | E11: =IFERROR(VLOOKUP(C11,_Listas!$C$2:$H$80,2,0)*D11/100,0) -> 36 | F11: =IFERROR(VLOOKUP(C11,_Listas!$C$2:$H$80,3,0)*D11/100,0) -> 1.05 | G11: =IFERROR(VLOOKUP(C11,_Listas!$C$2:$H$80,4,0)*D11/100,0) -> 0.525 | H11: =IFERROR(VLOOKUP(C11,_Listas!$C$2:$H$80,5,0)*D11/100,0) -> 3.3 | I11: 1 col. sopa
C12: Queijo mussarela | D12: 20 | E12: =IFERROR(VLOOKUP(C12,_Listas!$C$2:$H$80,2,0)*D12/100,0) -> 57.8 | F12: =IFERROR(VLOOKUP(C12,_Listas!$C$2:$H$80,3,0)*D12/100,0) -> 3.6 | G12: =IFERROR(VLOOKUP(C12,_Listas!$C$2:$H$80,4,0)*D12/100,0) -> 0.52 | H12: =IFERROR(VLOOKUP(C12,_Listas!$C$2:$H$80,5,0)*D12/100,0) -> 4.58 | I12: 1 fatia
C13: Banana | D13: 70 | E13: =IFERROR(VLOOKUP(C13,_Listas!$C$2:$H$80,2,0)*D13/100,0) -> 64.4 | F13: =IFERROR(VLOOKUP(C13,_Listas!$C$2:$H$80,3,0)*D13/100,0) -> 0.91 | G13: =IFERROR(VLOOKUP(C13,_Listas!$C$2:$H$80,4,0)*D13/100,0) -> 16.66 | H13: =IFERROR(VLOOKUP(C13,_Listas!$C$2:$H$80,5,0)*D13/100,0) -> 0.07 | I13: ½ unidade méd.
C14: Creatina monohidratada | D14: 6 | E14: =IFERROR(VLOOKUP(C14,_Listas!$C$2:$H$80,2,0)*D14/100,0) -> 0 | F14: =IFERROR(VLOOKUP(C14,_Listas!$C$2:$H$80,3,0)*D14/100,0) -> 0 | G14: =IFERROR(VLOOKUP(C14,_Listas!$C$2:$H$80,4,0)*D14/100,0) -> 0 | H14: =IFERROR(VLOOKUP(C14,_Listas!$C$2:$H$80,5,0)*D14/100,0) -> 0 | I14: 2 doses
B15: Subtotal ☕ Café da Manhã | D15: =SUM(D9:D14) -> 371 | E15: =SUM(E9:E14) -> 342.2 | F15: =SUM(F9:F14) -> 10.96 | G15: =SUM(G9:G14) -> 52.865 | H15: =SUM(H9:H14) -> 9.81
B17: 🍌 Lanche 10:00h
B18: 🍌 Lanche | C18: Yopro 15g High Protein | D18: 300 | E18: =IFERROR(VLOOKUP(C18,_Listas!$C$2:$H$80,2,0)*D18/100,0) -> 201 | F18: =IFERROR(VLOOKUP(C18,_Listas!$C$2:$H$80,3,0)*D18/100,0) -> 20.1 | G18: =IFERROR(VLOOKUP(C18,_Listas!$C$2:$H$80,4,0)*D18/100,0) -> 30 | H18: =IFERROR(VLOOKUP(C18,_Listas!$C$2:$H$80,5,0)*D18/100,0) -> 0 | I18: 1 unidade
B19: Subtotal 🍌 Lanche | D19: =SUM(D18:D18) -> 300 | E19: =SUM(E18:E18) -> 201 | F19: =SUM(F18:F18) -> 20.1 | G19: =SUM(G18:G18) -> 30 | H19: =SUM(H18:H18) -> 0
B21: 🥗 Almoço 13:00h
B22: 🥗 Almoço | C22: Batata inglesa assada | D22: 150 | E22: =IFERROR(VLOOKUP(C22,_Listas!$C$2:$H$80,2,0)*D22/100,0) -> 139.5 | F22: =IFERROR(VLOOKUP(C22,_Listas!$C$2:$H$80,3,0)*D22/100,0) -> 3.75 | G22: =IFERROR(VLOOKUP(C22,_Listas!$C$2:$H$80,4,0)*D22/100,0) -> 31.5 | H22: =IFERROR(VLOOKUP(C22,_Listas!$C$2:$H$80,5,0)*D22/100,0) -> 0.15 | I22: 1 unid. média
C23: Feijão preto cozido | D23: 120 | E23: =IFERROR(VLOOKUP(C23,_Listas!$C$2:$H$80,2,0)*D23/100,0) -> 92.4 | F23: =IFERROR(VLOOKUP(C23,_Listas!$C$2:$H$80,3,0)*D23/100,0) -> 5.4 | G23: =IFERROR(VLOOKUP(C23,_Listas!$C$2:$H$80,4,0)*D23/100,0) -> 16.32 | H23: =IFERROR(VLOOKUP(C23,_Listas!$C$2:$H$80,5,0)*D23/100,0) -> 0.6 | I23: 1 concha
C24: Moranga cozida | D24: 100 | E24: =IFERROR(VLOOKUP(C24,_Listas!$C$2:$H$80,2,0)*D24/100,0) -> 26 | F24: =IFERROR(VLOOKUP(C24,_Listas!$C$2:$H$80,3,0)*D24/100,0) -> 0.7 | G24: =IFERROR(VLOOKUP(C24,_Listas!$C$2:$H$80,4,0)*D24/100,0) -> 6 | H24: =IFERROR(VLOOKUP(C24,_Listas!$C$2:$H$80,5,0)*D24/100,0) -> 0.1 | I24: 1 porção
C25: Sobrecoxa de frango grelhada | D25: 150 | E25: =IFERROR(VLOOKUP(C25,_Listas!$C$2:$H$80,2,0)*D25/100,0) -> 322.5 | F25: =IFERROR(VLOOKUP(C25,_Listas!$C$2:$H$80,3,0)*D25/100,0) -> 31.5 | G25: =IFERROR(VLOOKUP(C25,_Listas!$C$2:$H$80,4,0)*D25/100,0) -> 0 | H25: =IFERROR(VLOOKUP(C25,_Listas!$C$2:$H$80,5,0)*D25/100,0) -> 21 | I25: 1 peça s/ osso
C26: Melancia | D26: 150 | E26: =IFERROR(VLOOKUP(C26,_Listas!$C$2:$H$80,2,0)*D26/100,0) -> 49.5 | F26: =IFERROR(VLOOKUP(C26,_Listas!$C$2:$H$80,3,0)*D26/100,0) -> 1.05 | G26: =IFERROR(VLOOKUP(C26,_Listas!$C$2:$H$80,4,0)*D26/100,0) -> 12 | H26: =IFERROR(VLOOKUP(C26,_Listas!$C$2:$H$80,5,0)*D26/100,0) -> 0.3 | I26: 1 fatia
B27: Subtotal 🥗 Almoço | D27: =SUM(D22:D26) -> 670 | E27: =SUM(E22:E26) -> 629.9 | F27: =SUM(F22:F26) -> 42.4 | G27: =SUM(G22:G26) -> 65.82 | H27: =SUM(H22:H26) -> 22.15
B29: ☕ Café da Tarde 18:00h
B30: ☕ Café da Tarde | C30: Café sem açúcar | D30: 200 | E30: =IFERROR(VLOOKUP(C30,_Listas!$C$2:$H$80,2,0)*D30/100,0) -> 4 | F30: =IFERROR(VLOOKUP(C30,_Listas!$C$2:$H$80,3,0)*D30/100,0) -> 0.6 | G30: =IFERROR(VLOOKUP(C30,_Listas!$C$2:$H$80,4,0)*D30/100,0) -> 0 | H30: =IFERROR(VLOOKUP(C30,_Listas!$C$2:$H$80,5,0)*D30/100,0) -> 0 | I30: 200 ml
C31: Pão francês | D31: 60 | E31: =IFERROR(VLOOKUP(C31,_Listas!$C$2:$H$80,2,0)*D31/100,0) -> 180 | F31: =IFERROR(VLOOKUP(C31,_Listas!$C$2:$H$80,3,0)*D31/100,0) -> 4.8 | G31: =IFERROR(VLOOKUP(C31,_Listas!$C$2:$H$80,4,0)*D31/100,0) -> 35.16 | H31: =IFERROR(VLOOKUP(C31,_Listas!$C$2:$H$80,5,0)*D31/100,0) -> 1.86 | I31: 1 unidade
C32: Filé de frango grelhado | D32: 50 | E32: =IFERROR(VLOOKUP(C32,_Listas!$C$2:$H$80,2,0)*D32/100,0) -> 81.5 | F32: =IFERROR(VLOOKUP(C32,_Listas!$C$2:$H$80,3,0)*D32/100,0) -> 15.75 | G32: =IFERROR(VLOOKUP(C32,_Listas!$C$2:$H$80,4,0)*D32/100,0) -> 0 | H32: =IFERROR(VLOOKUP(C32,_Listas!$C$2:$H$80,5,0)*D32/100,0) -> 1.85 | I32: ½ filé pequeno
C33: Melão | D33: 150 | E33: =IFERROR(VLOOKUP(C33,_Listas!$C$2:$H$80,2,0)*D33/100,0) -> 43.5 | F33: =IFERROR(VLOOKUP(C33,_Listas!$C$2:$H$80,3,0)*D33/100,0) -> 1.05 | G33: =IFERROR(VLOOKUP(C33,_Listas!$C$2:$H$80,4,0)*D33/100,0) -> 11.1 | H33: =IFERROR(VLOOKUP(C33,_Listas!$C$2:$H$80,5,0)*D33/100,0) -> 0.15 | I33: 1 fatia
B34: Subtotal ☕ Café da Tarde | D34: =SUM(D30:D33) -> 460 | E34: =SUM(E30:E33) -> 309 | F34: =SUM(F30:F33) -> 22.2 | G34: =SUM(G30:G33) -> 46.26 | H34: =SUM(H30:H33) -> 3.86
B36: 🌙 Jantar 20:30h
B37: 🌙 Jantar | C37: Arroz branco cozido | D37: 140 | E37: =IFERROR(VLOOKUP(C37,_Listas!$C$2:$H$80,2,0)*D37/100,0) -> 179.2 | F37: =IFERROR(VLOOKUP(C37,_Listas!$C$2:$H$80,3,0)*D37/100,0) -> 3.5 | G37: =IFERROR(VLOOKUP(C37,_Listas!$C$2:$H$80,4,0)*D37/100,0) -> 39.34 | H37: =IFERROR(VLOOKUP(C37,_Listas!$C$2:$H$80,5,0)*D37/100,0) -> 0.28 | I37: 4 col. sopa
C38: Feijão preto cozido | D38: 120 | E38: =IFERROR(VLOOKUP(C38,_Listas!$C$2:$H$80,2,0)*D38/100,0) -> 92.4 | F38: =IFERROR(VLOOKUP(C38,_Listas!$C$2:$H$80,3,0)*D38/100,0) -> 5.4 | G38: =IFERROR(VLOOKUP(C38,_Listas!$C$2:$H$80,4,0)*D38/100,0) -> 16.32 | H38: =IFERROR(VLOOKUP(C38,_Listas!$C$2:$H$80,5,0)*D38/100,0) -> 0.6 | I38: 1 concha
C39: Filé de frango grelhado | D39: 140 | E39: =IFERROR(VLOOKUP(C39,_Listas!$C$2:$H$80,2,0)*D39/100,0) -> 228.2 | F39: =IFERROR(VLOOKUP(C39,_Listas!$C$2:$H$80,3,0)*D39/100,0) -> 44.1 | G39: =IFERROR(VLOOKUP(C39,_Listas!$C$2:$H$80,4,0)*D39/100,0) -> 0 | H39: =IFERROR(VLOOKUP(C39,_Listas!$C$2:$H$80,5,0)*D39/100,0) -> 5.18 | I39: 1 filé médio
C40: Melão | D40: 150 | E40: =IFERROR(VLOOKUP(C40,_Listas!$C$2:$H$80,2,0)*D40/100,0) -> 43.5 | F40: =IFERROR(VLOOKUP(C40,_Listas!$C$2:$H$80,3,0)*D40/100,0) -> 1.05 | G40: =IFERROR(VLOOKUP(C40,_Listas!$C$2:$H$80,4,0)*D40/100,0) -> 11.1 | H40: =IFERROR(VLOOKUP(C40,_Listas!$C$2:$H$80,5,0)*D40/100,0) -> 0.15 | I40: 1 fatia
B41: Subtotal 🌙 Jantar | D41: =SUM(D37:D40) -> 550 | E41: =SUM(E37:E40) -> 543.3 | F41: =SUM(F37:F40) -> 54.05 | G41: =SUM(G37:G40) -> 66.76 | H41: =SUM(H37:H40) -> 6.21
B43: 🔄 Opção Jantar (alternativa)
B44: 🔄 Opção Jantar | C44: Suco de laranja natural | D44: 200 | E44: =IFERROR(VLOOKUP(C44,_Listas!$C$2:$H$80,2,0)*D44/100,0) -> 90 | F44: =IFERROR(VLOOKUP(C44,_Listas!$C$2:$H$80,3,0)*D44/100,0) -> 1.4 | G44: =IFERROR(VLOOKUP(C44,_Listas!$C$2:$H$80,4,0)*D44/100,0) -> 21.4 | H44: =IFERROR(VLOOKUP(C44,_Listas!$C$2:$H$80,5,0)*D44/100,0) -> 0.4 | I44: 1 copo
C45: Tapioca de goma | D45: 30 | E45: =IFERROR(VLOOKUP(C45,_Listas!$C$2:$H$80,2,0)*D45/100,0) -> 106.2 | F45: =IFERROR(VLOOKUP(C45,_Listas!$C$2:$H$80,3,0)*D45/100,0) -> 0.03 | G45: =IFERROR(VLOOKUP(C45,_Listas!$C$2:$H$80,4,0)*D45/100,0) -> 26.34 | H45: =IFERROR(VLOOKUP(C45,_Listas!$C$2:$H$80,5,0)*D45/100,0) -> 0.09 | I45: 1 tapioca peq.
C46: Ovo de galinha cozido | D46: 100 | E46: =IFERROR(VLOOKUP(C46,_Listas!$C$2:$H$80,2,0)*D46/100,0) -> 146 | F46: =IFERROR(VLOOKUP(C46,_Listas!$C$2:$H$80,3,0)*D46/100,0) -> 13.3 | G46: =IFERROR(VLOOKUP(C46,_Listas!$C$2:$H$80,4,0)*D46/100,0) -> 0.6 | H46: =IFERROR(VLOOKUP(C46,_Listas!$C$2:$H$80,5,0)*D46/100,0) -> 10 | I46: 2 unidades
C47: Queijo mussarela | D47: 20 | E47: =IFERROR(VLOOKUP(C47,_Listas!$C$2:$H$80,2,0)*D47/100,0) -> 57.8 | F47: =IFERROR(VLOOKUP(C47,_Listas!$C$2:$H$80,3,0)*D47/100,0) -> 3.6 | G47: =IFERROR(VLOOKUP(C47,_Listas!$C$2:$H$80,4,0)*D47/100,0) -> 0.52 | H47: =IFERROR(VLOOKUP(C47,_Listas!$C$2:$H$80,5,0)*D47/100,0) -> 4.58 | I47: 1 fatia
C48: Filé de frango grelhado | D48: 80 | E48: =IFERROR(VLOOKUP(C48,_Listas!$C$2:$H$80,2,0)*D48/100,0) -> 130.4 | F48: =IFERROR(VLOOKUP(C48,_Listas!$C$2:$H$80,3,0)*D48/100,0) -> 25.2 | G48: =IFERROR(VLOOKUP(C48,_Listas!$C$2:$H$80,4,0)*D48/100,0) -> 0 | H48: =IFERROR(VLOOKUP(C48,_Listas!$C$2:$H$80,5,0)*D48/100,0) -> 2.96 | I48: 1 filé pequeno
B50: 📊 TOTAL DO DIA | D50: =SUM(D9:D14,D18:D18,D22:D26,D30:D33,D37:D40) -> 2351 | E50: =SUM(E9:E14,E18:E18,E22:E26,E30:E33,E37:E40) -> 2025.4 | F50: =SUM(F9:F14,F18:F18,F22:F26,F30:F33,F37:F40) -> 149.71 | G50: =SUM(G9:G14,G18:G18,G22:G26,G30:G33,G37:G40) -> 261.705 | H50: =SUM(H9:H14,H18:H18,H22:H26,H30:H33,H37:H40) -> 42.03
B51: 🎯 Status calórico: | D51: =IF(E50<C4*0.9,"⚠️ Abaixo da meta",IF(E50<=C4,"✅ Na meta",IF(E50<=C4*1.1,"🟡 Ligeiramente acima","🔴 Acima da meta"))) -> 🟡 Ligeiramente acima
B53: 📊 RESUMO POR REFEIÇÃO
B54: Refeição | C54: Kcal | D54: % do total | E54: Prot. | F54: Carb. | G54: Gord. | H54: Horário
B55: ☕ Café da Manhã | C55: =SUM(E9:E14) -> 342.2 | D55: =IFERROR(C55/E50,0) -> 0.16895428 | E55: =SUM(F9:F14) -> 10.96 | F55: =SUM(G9:G14) -> 52.865 | G55: =SUM(H9:H14) -> 9.81 | H55: 08:00h
B56: 🍌 Lanche | C56: =SUM(E18:E18) -> 201 | D56: =IFERROR(C56/E50,0) -> 0.099239656 | E56: =SUM(F18:F18) -> 20.1 | F56: =SUM(G18:G18) -> 30 | G56: =SUM(H18:H18) -> 0 | H56: 10:00h
B57: 🥗 Almoço | C57: =SUM(E22:E26) -> 629.9 | D57: =IFERROR(C57/E50,0) -> 0.3110003 | E57: =SUM(F22:F26) -> 42.4 | F57: =SUM(G22:G26) -> 65.82 | G57: =SUM(H22:H26) -> 22.15 | H57: 13:00h
B58: ☕ Café da Tarde | C58: =SUM(E30:E33) -> 309 | D58: =IFERROR(C58/E50,0) -> 0.15256246 | E58: =SUM(F30:F33) -> 22.2 | F58: =SUM(G30:G33) -> 46.26 | G58: =SUM(H30:H33) -> 3.86 | H58: 18:00h
B59: 🌙 Jantar | C59: =SUM(E37:E40) -> 543.3 | D59: =IFERROR(C59/E50,0) -> 0.26824331 | E59: =SUM(F37:F40) -> 54.05 | F59: =SUM(G37:G40) -> 66.76 | G59: =SUM(H37:H40) -> 6.21 | H59: 20:30h

Sheet SAB
B2: 🍽️ PLANO ALIMENTAR · Sábado 🟢 · (=Ter e Qui)
B3: ▼ Clique na seta ▼ em cada alimento para trocar · Edite a porção (g) para recalcular as calorias automaticamente
B4: Meta Kcal/dia: | C4: 2000 | D4: Peso (kg): | E4: 70 | F4: Objetivo: | G4: Emagrecimento
B6: Refeição / Horário | C6: Alimento ▼ | D6: Porção (g) | E6: Kcal | F6: Prot. (g) | G6: Carb. (g) | H6: Gord. (g) | I6: Medida caseira
B8: ☕ Café da Manhã 08:00h
B9: ☕ Café da Manhã | C9: Café sem açúcar | D9: 200 | E9: =IFERROR(VLOOKUP(C9,_Listas!$C$2:$H$80,2,0)*D9/100,0) -> 4 | F9: =IFERROR(VLOOKUP(C9,_Listas!$C$2:$H$80,3,0)*D9/100,0) -> 0.6 | G9: =IFERROR(VLOOKUP(C9,_Listas!$C$2:$H$80,4,0)*D9/100,0) -> 0 | H9: =IFERROR(VLOOKUP(C9,_Listas!$C$2:$H$80,5,0)*D9/100,0) -> 0 | I9: 200 ml
C10: Pão francês | D10: 60 | E10: =IFERROR(VLOOKUP(C10,_Listas!$C$2:$H$80,2,0)*D10/100,0) -> 180 | F10: =IFERROR(VLOOKUP(C10,_Listas!$C$2:$H$80,3,0)*D10/100,0) -> 4.8 | G10: =IFERROR(VLOOKUP(C10,_Listas!$C$2:$H$80,4,0)*D10/100,0) -> 35.16 | H10: =IFERROR(VLOOKUP(C10,_Listas!$C$2:$H$80,5,0)*D10/100,0) -> 1.86 | I10: 1 unidade
C11: Requeijão | D11: 15 | E11: =IFERROR(VLOOKUP(C11,_Listas!$C$2:$H$80,2,0)*D11/100,0) -> 36 | F11: =IFERROR(VLOOKUP(C11,_Listas!$C$2:$H$80,3,0)*D11/100,0) -> 1.05 | G11: =IFERROR(VLOOKUP(C11,_Listas!$C$2:$H$80,4,0)*D11/100,0) -> 0.525 | H11: =IFERROR(VLOOKUP(C11,_Listas!$C$2:$H$80,5,0)*D11/100,0) -> 3.3 | I11: 1 col. sopa
C12: Queijo mussarela | D12: 20 | E12: =IFERROR(VLOOKUP(C12,_Listas!$C$2:$H$80,2,0)*D12/100,0) -> 57.8 | F12: =IFERROR(VLOOKUP(C12,_Listas!$C$2:$H$80,3,0)*D12/100,0) -> 3.6 | G12: =IFERROR(VLOOKUP(C12,_Listas!$C$2:$H$80,4,0)*D12/100,0) -> 0.52 | H12: =IFERROR(VLOOKUP(C12,_Listas!$C$2:$H$80,5,0)*D12/100,0) -> 4.58 | I12: 1 fatia
C13: Peito de peru fatiado | D13: 15 | E13: =IFERROR(VLOOKUP(C13,_Listas!$C$2:$H$80,2,0)*D13/100,0) -> 16.35 | F13: =IFERROR(VLOOKUP(C13,_Listas!$C$2:$H$80,3,0)*D13/100,0) -> 2.61 | G13: =IFERROR(VLOOKUP(C13,_Listas!$C$2:$H$80,4,0)*D13/100,0) -> 0.285 | H13: =IFERROR(VLOOKUP(C13,_Listas!$C$2:$H$80,5,0)*D13/100,0) -> 0.54 | I13: 1 fatia
C14: Maçã com casca | D14: 120 | E14: =IFERROR(VLOOKUP(C14,_Listas!$C$2:$H$80,2,0)*D14/100,0) -> 67.2 | F14: =IFERROR(VLOOKUP(C14,_Listas!$C$2:$H$80,3,0)*D14/100,0) -> 0.36 | G14: =IFERROR(VLOOKUP(C14,_Listas!$C$2:$H$80,4,0)*D14/100,0) -> 17.88 | H14: =IFERROR(VLOOKUP(C14,_Listas!$C$2:$H$80,5,0)*D14/100,0) -> 0.12 | I14: 1 unid. média
C15: Creatina monohidratada | D15: 6 | E15: =IFERROR(VLOOKUP(C15,_Listas!$C$2:$H$80,2,0)*D15/100,0) -> 0 | F15: =IFERROR(VLOOKUP(C15,_Listas!$C$2:$H$80,3,0)*D15/100,0) -> 0 | G15: =IFERROR(VLOOKUP(C15,_Listas!$C$2:$H$80,4,0)*D15/100,0) -> 0 | H15: =IFERROR(VLOOKUP(C15,_Listas!$C$2:$H$80,5,0)*D15/100,0) -> 0 | I15: 2 doses
B16: Subtotal ☕ Café da Manhã | D16: =SUM(D9:D15) -> 436 | E16: =SUM(E9:E15) -> 361.35 | F16: =SUM(F9:F15) -> 13.02 | G16: =SUM(G9:G15) -> 54.37 | H16: =SUM(H9:H15) -> 10.4
B18: 🍌 Lanche 10:00h
B19: 🍌 Lanche | C19: Yopro 15g High Protein | D19: 300 | E19: =IFERROR(VLOOKUP(C19,_Listas!$C$2:$H$80,2,0)*D19/100,0) -> 201 | F19: =IFERROR(VLOOKUP(C19,_Listas!$C$2:$H$80,3,0)*D19/100,0) -> 20.1 | G19: =IFERROR(VLOOKUP(C19,_Listas!$C$2:$H$80,4,0)*D19/100,0) -> 30 | H19: =IFERROR(VLOOKUP(C19,_Listas!$C$2:$H$80,5,0)*D19/100,0) -> 0 | I19: 1 unidade
B20: Subtotal 🍌 Lanche | D20: =SUM(D19:D19) -> 300 | E20: =SUM(E19:E19) -> 201 | F20: =SUM(F19:F19) -> 20.1 | G20: =SUM(G19:G19) -> 30 | H20: =SUM(H19:H19) -> 0
B22: 🥗 Almoço 13:00h
B23: 🥗 Almoço | C23: Arroz branco cozido | D23: 140 | E23: =IFERROR(VLOOKUP(C23,_Listas!$C$2:$H$80,2,0)*D23/100,0) -> 179.2 | F23: =IFERROR(VLOOKUP(C23,_Listas!$C$2:$H$80,3,0)*D23/100,0) -> 3.5 | G23: =IFERROR(VLOOKUP(C23,_Listas!$C$2:$H$80,4,0)*D23/100,0) -> 39.34 | H23: =IFERROR(VLOOKUP(C23,_Listas!$C$2:$H$80,5,0)*D23/100,0) -> 0.28 | I23: 4 col. sopa
C24: Patê de ricota | D24: 20 | E24: =IFERROR(VLOOKUP(C24,_Listas!$C$2:$H$80,2,0)*D24/100,0) -> 34 | F24: =IFERROR(VLOOKUP(C24,_Listas!$C$2:$H$80,3,0)*D24/100,0) -> 1.6 | G24: =IFERROR(VLOOKUP(C24,_Listas!$C$2:$H$80,4,0)*D24/100,0) -> 1 | H24: =IFERROR(VLOOKUP(C24,_Listas!$C$2:$H$80,5,0)*D24/100,0) -> 2.6 | I24: 1 col. sopa
C25: Requeijão | D25: 40 | E25: =IFERROR(VLOOKUP(C25,_Listas!$C$2:$H$80,2,0)*D25/100,0) -> 96 | F25: =IFERROR(VLOOKUP(C25,_Listas!$C$2:$H$80,3,0)*D25/100,0) -> 2.8 | G25: =IFERROR(VLOOKUP(C25,_Listas!$C$2:$H$80,4,0)*D25/100,0) -> 1.4 | H25: =IFERROR(VLOOKUP(C25,_Listas!$C$2:$H$80,5,0)*D25/100,0) -> 8.8 | I25: 2 col. sopa
C26: Filé de frango grelhado | D26: 170 | E26: =IFERROR(VLOOKUP(C26,_Listas!$C$2:$H$80,2,0)*D26/100,0) -> 277.1 | F26: =IFERROR(VLOOKUP(C26,_Listas!$C$2:$H$80,3,0)*D26/100,0) -> 53.55 | G26: =IFERROR(VLOOKUP(C26,_Listas!$C$2:$H$80,4,0)*D26/100,0) -> 0 | H26: =IFERROR(VLOOKUP(C26,_Listas!$C$2:$H$80,5,0)*D26/100,0) -> 6.29 | I26: 1 filé grande
C27: Laranja pera | D27: 150 | E27: =IFERROR(VLOOKUP(C27,_Listas!$C$2:$H$80,2,0)*D27/100,0) -> 69 | F27: =IFERROR(VLOOKUP(C27,_Listas!$C$2:$H$80,3,0)*D27/100,0) -> 1.35 | G27: =IFERROR(VLOOKUP(C27,_Listas!$C$2:$H$80,4,0)*D27/100,0) -> 17.25 | H27: =IFERROR(VLOOKUP(C27,_Listas!$C$2:$H$80,5,0)*D27/100,0) -> 0.15 | I27: 1 unidade grande
B28: Subtotal 🥗 Almoço | D28: =SUM(D23:D27) -> 520 | E28: =SUM(E23:E27) -> 655.3 | F28: =SUM(F23:F27) -> 62.8 | G28: =SUM(G23:G27) -> 58.99 | H28: =SUM(H23:H27) -> 18.12
B30: 🔄 Opção Almoço (alternativa)
B31: 🔄 Opção Almoço | C31: Purê de batata caseiro | D31: 150 | E31: =IFERROR(VLOOKUP(C31,_Listas!$C$2:$H$80,2,0)*D31/100,0) -> 153 | F31: =IFERROR(VLOOKUP(C31,_Listas!$C$2:$H$80,3,0)*D31/100,0) -> 3.75 | G31: =IFERROR(VLOOKUP(C31,_Listas!$C$2:$H$80,4,0)*D31/100,0) -> 25.5 | H31: =IFERROR(VLOOKUP(C31,_Listas!$C$2:$H$80,5,0)*D31/100,0) -> 4.5 | I31: 1 porção
C32: Moranga cozida | D32: 100 | E32: =IFERROR(VLOOKUP(C32,_Listas!$C$2:$H$80,2,0)*D32/100,0) -> 26 | F32: =IFERROR(VLOOKUP(C32,_Listas!$C$2:$H$80,3,0)*D32/100,0) -> 0.7 | G32: =IFERROR(VLOOKUP(C32,_Listas!$C$2:$H$80,4,0)*D32/100,0) -> 6 | H32: =IFERROR(VLOOKUP(C32,_Listas!$C$2:$H$80,5,0)*D32/100,0) -> 0.1 | I32: 1 porção
C33: Peixe grelhado | D33: 200 | E33: =IFERROR(VLOOKUP(C33,_Listas!$C$2:$H$80,2,0)*D33/100,0) -> 256 | F33: =IFERROR(VLOOKUP(C33,_Listas!$C$2:$H$80,3,0)*D33/100,0) -> 50 | G33: =IFERROR(VLOOKUP(C33,_Listas!$C$2:$H$80,4,0)*D33/100,0) -> 0 | H33: =IFERROR(VLOOKUP(C33,_Listas!$C$2:$H$80,5,0)*D33/100,0) -> 5.6 | I33: 1 filé
C34: Legumes cozidos variados | D34: 120 | E34: =IFERROR(VLOOKUP(C34,_Listas!$C$2:$H$80,2,0)*D34/100,0) -> 42 | F34: =IFERROR(VLOOKUP(C34,_Listas!$C$2:$H$80,3,0)*D34/100,0) -> 2.4 | G34: =IFERROR(VLOOKUP(C34,_Listas!$C$2:$H$80,4,0)*D34/100,0) -> 7.8 | H34: =IFERROR(VLOOKUP(C34,_Listas!$C$2:$H$80,5,0)*D34/100,0) -> 0.36 | I34: 2 porções
C35: Bombom Ouro Branco | D35: 16 | E35: =IFERROR(VLOOKUP(C35,_Listas!$C$2:$H$80,2,0)*D35/100,0) -> 83.2 | F35: =IFERROR(VLOOKUP(C35,_Listas!$C$2:$H$80,3,0)*D35/100,0) -> 0.8 | G35: =IFERROR(VLOOKUP(C35,_Listas!$C$2:$H$80,4,0)*D35/100,0) -> 9.6 | H35: =IFERROR(VLOOKUP(C35,_Listas!$C$2:$H$80,5,0)*D35/100,0) -> 4.48 | I35: 1 unidade
B37: ☕ Café da Tarde 18:00h
B38: ☕ Café da Tarde | C38: Leite de vaca integral | D38: 200 | E38: =IFERROR(VLOOKUP(C38,_Listas!$C$2:$H$80,2,0)*D38/100,0) -> 122 | F38: =IFERROR(VLOOKUP(C38,_Listas!$C$2:$H$80,3,0)*D38/100,0) -> 6.4 | G38: =IFERROR(VLOOKUP(C38,_Listas!$C$2:$H$80,4,0)*D38/100,0) -> 9.4 | H38: =IFERROR(VLOOKUP(C38,_Listas!$C$2:$H$80,5,0)*D38/100,0) -> 6.4 | I38: 1 copo
C39: Banana | D39: 60 | E39: =IFERROR(VLOOKUP(C39,_Listas!$C$2:$H$80,2,0)*D39/100,0) -> 55.2 | F39: =IFERROR(VLOOKUP(C39,_Listas!$C$2:$H$80,3,0)*D39/100,0) -> 0.78 | G39: =IFERROR(VLOOKUP(C39,_Listas!$C$2:$H$80,4,0)*D39/100,0) -> 14.28 | H39: =IFERROR(VLOOKUP(C39,_Listas!$C$2:$H$80,5,0)*D39/100,0) -> 0.06 | I39: ½ unidade
C40: Whey protein | D40: 60 | E40: =IFERROR(VLOOKUP(C40,_Listas!$C$2:$H$80,2,0)*D40/100,0) -> 224.4 | F40: =IFERROR(VLOOKUP(C40,_Listas!$C$2:$H$80,3,0)*D40/100,0) -> 48 | G40: =IFERROR(VLOOKUP(C40,_Listas!$C$2:$H$80,4,0)*D40/100,0) -> 4.8 | H40: =IFERROR(VLOOKUP(C40,_Listas!$C$2:$H$80,5,0)*D40/100,0) -> 2.4 | I40: 2 scoops
B41: Subtotal ☕ Café da Tarde | D41: =SUM(D38:D40) -> 320 | E41: =SUM(E38:E40) -> 401.6 | F41: =SUM(F38:F40) -> 55.18 | G41: =SUM(G38:G40) -> 28.48 | H41: =SUM(H38:H40) -> 8.86
B43: 🌙 Jantar 20:30h
B44: 🌙 Jantar | C44: Coca-Cola Light | D44: 350 | E44: =IFERROR(VLOOKUP(C44,_Listas!$C$2:$H$80,2,0)*D44/100,0) -> 3.5 | F44: =IFERROR(VLOOKUP(C44,_Listas!$C$2:$H$80,3,0)*D44/100,0) -> 0 | G44: =IFERROR(VLOOKUP(C44,_Listas!$C$2:$H$80,4,0)*D44/100,0) -> 1.05 | H44: =IFERROR(VLOOKUP(C44,_Listas!$C$2:$H$80,5,0)*D44/100,0) -> 0 | I44: 1 lata
C45: Pão de hambúrguer | D45: 70 | E45: =IFERROR(VLOOKUP(C45,_Listas!$C$2:$H$80,2,0)*D45/100,0) -> 196 | F45: =IFERROR(VLOOKUP(C45,_Listas!$C$2:$H$80,3,0)*D45/100,0) -> 5.6 | G45: =IFERROR(VLOOKUP(C45,_Listas!$C$2:$H$80,4,0)*D45/100,0) -> 35 | H45: =IFERROR(VLOOKUP(C45,_Listas!$C$2:$H$80,5,0)*D45/100,0) -> 3.5 | I45: 1 unidade
C46: Queijo mussarela | D46: 25 | E46: =IFERROR(VLOOKUP(C46,_Listas!$C$2:$H$80,2,0)*D46/100,0) -> 72.25 | F46: =IFERROR(VLOOKUP(C46,_Listas!$C$2:$H$80,3,0)*D46/100,0) -> 4.5 | G46: =IFERROR(VLOOKUP(C46,_Listas!$C$2:$H$80,4,0)*D46/100,0) -> 0.65 | H46: =IFERROR(VLOOKUP(C46,_Listas!$C$2:$H$80,5,0)*D46/100,0) -> 5.725 | I46: 1 fatia
C47: Requeijão | D47: 20 | E47: =IFERROR(VLOOKUP(C47,_Listas!$C$2:$H$80,2,0)*D47/100,0) -> 48 | F47: =IFERROR(VLOOKUP(C47,_Listas!$C$2:$H$80,3,0)*D47/100,0) -> 1.4 | G47: =IFERROR(VLOOKUP(C47,_Listas!$C$2:$H$80,4,0)*D47/100,0) -> 0.7 | H47: =IFERROR(VLOOKUP(C47,_Listas!$C$2:$H$80,5,0)*D47/100,0) -> 4.4 | I47: 1 col. sopa
C48: Bife contrafilé grelhado | D48: 150 | E48: =IFERROR(VLOOKUP(C48,_Listas!$C$2:$H$80,2,0)*D48/100,0) -> 355.5 | F48: =IFERROR(VLOOKUP(C48,_Listas!$C$2:$H$80,3,0)*D48/100,0) -> 49.2 | G48: =IFERROR(VLOOKUP(C48,_Listas!$C$2:$H$80,4,0)*D48/100,0) -> 0 | H48: =IFERROR(VLOOKUP(C48,_Listas!$C$2:$H$80,5,0)*D48/100,0) -> 17.1 | I48: 1 bife médio
C49: Alface crespa | D49: 10 | E49: =IFERROR(VLOOKUP(C49,_Listas!$C$2:$H$80,2,0)*D49/100,0) -> 1.1 | F49: =IFERROR(VLOOKUP(C49,_Listas!$C$2:$H$80,3,0)*D49/100,0) -> 0.13 | G49: =IFERROR(VLOOKUP(C49,_Listas!$C$2:$H$80,4,0)*D49/100,0) -> 0.17 | H49: =IFERROR(VLOOKUP(C49,_Listas!$C$2:$H$80,5,0)*D49/100,0) -> 0.02 | I49: 2 folhas
C50: Tomate | D50: 10 | E50: =IFERROR(VLOOKUP(C50,_Listas!$C$2:$H$80,2,0)*D50/100,0) -> 1.8 | F50: =IFERROR(VLOOKUP(C50,_Listas!$C$2:$H$80,3,0)*D50/100,0) -> 0.09 | G50: =IFERROR(VLOOKUP(C50,_Listas!$C$2:$H$80,4,0)*D50/100,0) -> 0.35 | H50: =IFERROR(VLOOKUP(C50,_Listas!$C$2:$H$80,5,0)*D50/100,0) -> 0.02 | I50: 1 rodela
C51: Catchup | D51: 20 | E51: =IFERROR(VLOOKUP(C51,_Listas!$C$2:$H$80,2,0)*D51/100,0) -> 20 | F51: =IFERROR(VLOOKUP(C51,_Listas!$C$2:$H$80,3,0)*D51/100,0) -> 0.3 | G51: =IFERROR(VLOOKUP(C51,_Listas!$C$2:$H$80,4,0)*D51/100,0) -> 4.8 | H51: =IFERROR(VLOOKUP(C51,_Listas!$C$2:$H$80,5,0)*D51/100,0) -> 0.08 | I51: 2 col. sobremesa
B52: Subtotal 🌙 Jantar | D52: =SUM(D44:D51) -> 655 | E52: =SUM(E44:E51) -> 698.15 | F52: =SUM(F44:F51) -> 61.22 | G52: =SUM(G44:G51) -> 42.72 | H52: =SUM(H44:H51) -> 30.845
B54: 🔄 Opção Jantar (alternativa)
B55: 🔄 Opção Jantar | C55: Macarrão cozido | D55: 150 | E55: =IFERROR(VLOOKUP(C55,_Listas!$C$2:$H$80,2,0)*D55/100,0) -> 237 | F55: =IFERROR(VLOOKUP(C55,_Listas!$C$2:$H$80,3,0)*D55/100,0) -> 7.2 | G55: =IFERROR(VLOOKUP(C55,_Listas!$C$2:$H$80,4,0)*D55/100,0) -> 47.55 | H55: =IFERROR(VLOOKUP(C55,_Listas!$C$2:$H$80,5,0)*D55/100,0) -> 1.2 | I55: 1 porção
C56: Carne bovina patinho grelhado | D56: 140 | E56: =IFERROR(VLOOKUP(C56,_Listas!$C$2:$H$80,2,0)*D56/100,0) -> 306.6 | F56: =IFERROR(VLOOKUP(C56,_Listas!$C$2:$H$80,3,0)*D56/100,0) -> 49 | G56: =IFERROR(VLOOKUP(C56,_Listas!$C$2:$H$80,4,0)*D56/100,0) -> 0 | H56: =IFERROR(VLOOKUP(C56,_Listas!$C$2:$H$80,5,0)*D56/100,0) -> 11.9 | I56: 1 bife
C57: Molho de tomate | D57: 100 | E57: =IFERROR(VLOOKUP(C57,_Listas!$C$2:$H$80,2,0)*D57/100,0) -> 35 | F57: =IFERROR(VLOOKUP(C57,_Listas!$C$2:$H$80,3,0)*D57/100,0) -> 1.5 | G57: =IFERROR(VLOOKUP(C57,_Listas!$C$2:$H$80,4,0)*D57/100,0) -> 7 | H57: =IFERROR(VLOOKUP(C57,_Listas!$C$2:$H$80,5,0)*D57/100,0) -> 0.3 | I57: 4 col. sopa
C58: Laranja pera | D58: 140 | E58: =IFERROR(VLOOKUP(C58,_Listas!$C$2:$H$80,2,0)*D58/100,0) -> 64.4 | F58: =IFERROR(VLOOKUP(C58,_Listas!$C$2:$H$80,3,0)*D58/100,0) -> 1.26 | G58: =IFERROR(VLOOKUP(C58,_Listas!$C$2:$H$80,4,0)*D58/100,0) -> 16.1 | H58: =IFERROR(VLOOKUP(C58,_Listas!$C$2:$H$80,5,0)*D58/100,0) -> 0.14 | I58: 1 unidade
B60: 📊 TOTAL DO DIA | D60: =SUM(D9:D15,D19:D19,D23:D27,D38:D40,D44:D51) -> 2231 | E60: =SUM(E9:E15,E19:E19,E23:E27,E38:E40,E44:E51) -> 2317.4 | F60: =SUM(F9:F15,F19:F19,F23:F27,F38:F40,F44:F51) -> 212.32 | G60: =SUM(G9:G15,G19:G19,G23:G27,G38:G40,G44:G51) -> 214.56 | H60: =SUM(H9:H15,H19:H19,H23:H27,H38:H40,H44:H51) -> 68.225
B61: 🎯 Status calórico: | D61: =IF(E60<C4*0.9,"⚠️ Abaixo da meta",IF(E60<=C4,"✅ Na meta",IF(E60<=C4*1.1,"🟡 Ligeiramente acima","🔴 Acima da meta"))) -> 🔴 Acima da meta
B63: 📊 RESUMO POR REFEIÇÃO
B64: Refeição | C64: Kcal | D64: % do total | E64: Prot. | F64: Carb. | G64: Gord. | H64: Horário
B65: ☕ Café da Manhã | C65: =SUM(E9:E15) -> 361.35 | D65: =IFERROR(C65/E60,0) -> 0.15592906 | E65: =SUM(F9:F15) -> 13.02 | F65: =SUM(G9:G15) -> 54.37 | G65: =SUM(H9:H15) -> 10.4 | H65: 08:00h
B66: 🍌 Lanche | C66: =SUM(E19:E19) -> 201 | D66: =IFERROR(C66/E60,0) -> 0.086735134 | E66: =SUM(F19:F19) -> 20.1 | F66: =SUM(G19:G19) -> 30 | G66: =SUM(H19:H19) -> 0 | H66: 10:00h
B67: 🥗 Almoço | C67: =SUM(E23:E27) -> 655.3 | D67: =IFERROR(C67/E60,0) -> 0.2827738 | E67: =SUM(F23:F27) -> 62.8 | F67: =SUM(G23:G27) -> 58.99 | G67: =SUM(H23:H27) -> 18.12 | H67: 13:00h
B68: ☕ Café da Tarde | C68: =SUM(E38:E40) -> 401.6 | D68: =IFERROR(C68/E60,0) -> 0.17329766 | E68: =SUM(F38:F40) -> 55.18 | F68: =SUM(G38:G40) -> 28.48 | G68: =SUM(H38:H40) -> 8.86 | H68: 18:00h
B69: 🌙 Jantar | C69: =SUM(E44:E51) -> 698.15 | D69: =IFERROR(C69/E60,0) -> 0.30126435 | E69: =SUM(F44:F51) -> 61.22 | F69: =SUM(G44:G51) -> 42.72 | G69: =SUM(H44:H51) -> 30.845 | H69: 20:30h

Sheet DOM
B2: 🍽️ PLANO ALIMENTAR · Domingo 🔴 · (Cardápio especial)
B3: ▼ Clique na seta ▼ em cada alimento para trocar · Edite a porção (g) para recalcular as calorias automaticamente
B4: Meta Kcal/dia: | C4: 2000 | D4: Peso (kg): | E4: 70 | F4: Objetivo: | G4: Emagrecimento
B6: Refeição / Horário | C6: Alimento ▼ | D6: Porção (g) | E6: Kcal | F6: Prot. (g) | G6: Carb. (g) | H6: Gord. (g) | I6: Medida caseira
B8: ☕ Café da Manhã 08:00h
B9: ☕ Café da Manhã | C9: Café sem açúcar | D9: 200 | E9: =IFERROR(VLOOKUP(C9,_Listas!$C$2:$H$80,2,0)*D9/100,0) -> 4 | F9: =IFERROR(VLOOKUP(C9,_Listas!$C$2:$H$80,3,0)*D9/100,0) -> 0.6 | G9: =IFERROR(VLOOKUP(C9,_Listas!$C$2:$H$80,4,0)*D9/100,0) -> 0 | H9: =IFERROR(VLOOKUP(C9,_Listas!$C$2:$H$80,5,0)*D9/100,0) -> 0 | I9: 200 ml
C10: Pão integral | D10: 60 | E10: =IFERROR(VLOOKUP(C10,_Listas!$C$2:$H$80,2,0)*D10/100,0) -> 151.8 | F10: =IFERROR(VLOOKUP(C10,_Listas!$C$2:$H$80,3,0)*D10/100,0) -> 5.28 | G10: =IFERROR(VLOOKUP(C10,_Listas!$C$2:$H$80,4,0)*D10/100,0) -> 28.02 | H10: =IFERROR(VLOOKUP(C10,_Listas!$C$2:$H$80,5,0)*D10/100,0) -> 2.1 | I10: 2 fatias
C11: Queijo mussarela | D11: 30 | E11: =IFERROR(VLOOKUP(C11,_Listas!$C$2:$H$80,2,0)*D11/100,0) -> 86.7 | F11: =IFERROR(VLOOKUP(C11,_Listas!$C$2:$H$80,3,0)*D11/100,0) -> 5.4 | G11: =IFERROR(VLOOKUP(C11,_Listas!$C$2:$H$80,4,0)*D11/100,0) -> 0.78 | H11: =IFERROR(VLOOKUP(C11,_Listas!$C$2:$H$80,5,0)*D11/100,0) -> 6.87 | I11: 2 fatias
C12: Ovo de galinha cozido | D12: 50 | E12: =IFERROR(VLOOKUP(C12,_Listas!$C$2:$H$80,2,0)*D12/100,0) -> 73 | F12: =IFERROR(VLOOKUP(C12,_Listas!$C$2:$H$80,3,0)*D12/100,0) -> 6.65 | G12: =IFERROR(VLOOKUP(C12,_Listas!$C$2:$H$80,4,0)*D12/100,0) -> 0.3 | H12: =IFERROR(VLOOKUP(C12,_Listas!$C$2:$H$80,5,0)*D12/100,0) -> 5 | I12: 1 unidade
C13: Maçã com casca | D13: 120 | E13: =IFERROR(VLOOKUP(C13,_Listas!$C$2:$H$80,2,0)*D13/100,0) -> 67.2 | F13: =IFERROR(VLOOKUP(C13,_Listas!$C$2:$H$80,3,0)*D13/100,0) -> 0.36 | G13: =IFERROR(VLOOKUP(C13,_Listas!$C$2:$H$80,4,0)*D13/100,0) -> 17.88 | H13: =IFERROR(VLOOKUP(C13,_Listas!$C$2:$H$80,5,0)*D13/100,0) -> 0.12 | I13: 1 unidade
C14: Creatina monohidratada | D14: 6 | E14: =IFERROR(VLOOKUP(C14,_Listas!$C$2:$H$80,2,0)*D14/100,0) -> 0 | F14: =IFERROR(VLOOKUP(C14,_Listas!$C$2:$H$80,3,0)*D14/100,0) -> 0 | G14: =IFERROR(VLOOKUP(C14,_Listas!$C$2:$H$80,4,0)*D14/100,0) -> 0 | H14: =IFERROR(VLOOKUP(C14,_Listas!$C$2:$H$80,5,0)*D14/100,0) -> 0 | I14: 2 doses
B15: Subtotal ☕ Café da Manhã | D15: =SUM(D9:D14) -> 466 | E15: =SUM(E9:E14) -> 382.7 | F15: =SUM(F9:F14) -> 18.29 | G15: =SUM(G9:G14) -> 46.98 | H15: =SUM(H9:H14) -> 14.09
B17: 🍌 Lanche 10:00h
B18: 🍌 Lanche | C18: Yopro 15g High Protein | D18: 300 | E18: =IFERROR(VLOOKUP(C18,_Listas!$C$2:$H$80,2,0)*D18/100,0) -> 201 | F18: =IFERROR(VLOOKUP(C18,_Listas!$C$2:$H$80,3,0)*D18/100,0) -> 20.1 | G18: =IFERROR(VLOOKUP(C18,_Listas!$C$2:$H$80,4,0)*D18/100,0) -> 30 | H18: =IFERROR(VLOOKUP(C18,_Listas!$C$2:$H$80,5,0)*D18/100,0) -> 0 | I18: 1 unidade
B19: Subtotal 🍌 Lanche | D19: =SUM(D18:D18) -> 300 | E19: =SUM(E18:E18) -> 201 | F19: =SUM(F18:F18) -> 20.1 | G19: =SUM(G18:G18) -> 30 | H19: =SUM(H18:H18) -> 0
B21: 🥗 Almoço 13:00h
B22: 🥗 Almoço | C22: Arroz branco cozido | D22: 160 | E22: =IFERROR(VLOOKUP(C22,_Listas!$C$2:$H$80,2,0)*D22/100,0) -> 204.8 | F22: =IFERROR(VLOOKUP(C22,_Listas!$C$2:$H$80,3,0)*D22/100,0) -> 4 | G22: =IFERROR(VLOOKUP(C22,_Listas!$C$2:$H$80,4,0)*D22/100,0) -> 44.96 | H22: =IFERROR(VLOOKUP(C22,_Listas!$C$2:$H$80,5,0)*D22/100,0) -> 0.32 | I22: 4+ col. sopa
C23: Feijão preto cozido | D23: 130 | E23: =IFERROR(VLOOKUP(C23,_Listas!$C$2:$H$80,2,0)*D23/100,0) -> 100.1 | F23: =IFERROR(VLOOKUP(C23,_Listas!$C$2:$H$80,3,0)*D23/100,0) -> 5.85 | G23: =IFERROR(VLOOKUP(C23,_Listas!$C$2:$H$80,4,0)*D23/100,0) -> 17.68 | H23: =IFERROR(VLOOKUP(C23,_Listas!$C$2:$H$80,5,0)*D23/100,0) -> 0.65 | I23: 1 concha grande
C24: Sobrecoxa de frango grelhada | D24: 180 | E24: =IFERROR(VLOOKUP(C24,_Listas!$C$2:$H$80,2,0)*D24/100,0) -> 387 | F24: =IFERROR(VLOOKUP(C24,_Listas!$C$2:$H$80,3,0)*D24/100,0) -> 37.8 | G24: =IFERROR(VLOOKUP(C24,_Listas!$C$2:$H$80,4,0)*D24/100,0) -> 0 | H24: =IFERROR(VLOOKUP(C24,_Listas!$C$2:$H$80,5,0)*D24/100,0) -> 25.2 | I24: 1 peça
C25: Moranga cozida | D25: 100 | E25: =IFERROR(VLOOKUP(C25,_Listas!$C$2:$H$80,2,0)*D25/100,0) -> 26 | F25: =IFERROR(VLOOKUP(C25,_Listas!$C$2:$H$80,3,0)*D25/100,0) -> 0.7 | G25: =IFERROR(VLOOKUP(C25,_Listas!$C$2:$H$80,4,0)*D25/100,0) -> 6 | H25: =IFERROR(VLOOKUP(C25,_Listas!$C$2:$H$80,5,0)*D25/100,0) -> 0.1 | I25: 1 porção
C26: Melancia | D26: 200 | E26: =IFERROR(VLOOKUP(C26,_Listas!$C$2:$H$80,2,0)*D26/100,0) -> 66 | F26: =IFERROR(VLOOKUP(C26,_Listas!$C$2:$H$80,3,0)*D26/100,0) -> 1.4 | G26: =IFERROR(VLOOKUP(C26,_Listas!$C$2:$H$80,4,0)*D26/100,0) -> 16 | H26: =IFERROR(VLOOKUP(C26,_Listas!$C$2:$H$80,5,0)*D26/100,0) -> 0.4 | I26: 1 fatia grande
B27: Subtotal 🥗 Almoço | D27: =SUM(D22:D26) -> 770 | E27: =SUM(E22:E26) -> 783.9 | F27: =SUM(F22:F26) -> 49.75 | G27: =SUM(G22:G26) -> 84.64 | H27: =SUM(H22:H26) -> 26.67
B29: ☕ Café da Tarde 18:00h
B30: ☕ Café da Tarde | C30: Café sem açúcar | D30: 200 | E30: =IFERROR(VLOOKUP(C30,_Listas!$C$2:$H$80,2,0)*D30/100,0) -> 4 | F30: =IFERROR(VLOOKUP(C30,_Listas!$C$2:$H$80,3,0)*D30/100,0) -> 0.6 | G30: =IFERROR(VLOOKUP(C30,_Listas!$C$2:$H$80,4,0)*D30/100,0) -> 0 | H30: =IFERROR(VLOOKUP(C30,_Listas!$C$2:$H$80,5,0)*D30/100,0) -> 0 | I30: 200 ml
C31: Pão francês | D31: 60 | E31: =IFERROR(VLOOKUP(C31,_Listas!$C$2:$H$80,2,0)*D31/100,0) -> 180 | F31: =IFERROR(VLOOKUP(C31,_Listas!$C$2:$H$80,3,0)*D31/100,0) -> 4.8 | G31: =IFERROR(VLOOKUP(C31,_Listas!$C$2:$H$80,4,0)*D31/100,0) -> 35.16 | H31: =IFERROR(VLOOKUP(C31,_Listas!$C$2:$H$80,5,0)*D31/100,0) -> 1.86 | I31: 1 unidade
C32: Requeijão | D32: 15 | E32: =IFERROR(VLOOKUP(C32,_Listas!$C$2:$H$80,2,0)*D32/100,0) -> 36 | F32: =IFERROR(VLOOKUP(C32,_Listas!$C$2:$H$80,3,0)*D32/100,0) -> 1.05 | G32: =IFERROR(VLOOKUP(C32,_Listas!$C$2:$H$80,4,0)*D32/100,0) -> 0.525 | H32: =IFERROR(VLOOKUP(C32,_Listas!$C$2:$H$80,5,0)*D32/100,0) -> 3.3 | I32: 1 col. sopa
B33: Subtotal ☕ Café da Tarde | D33: =SUM(D30:D32) -> 275 | E33: =SUM(E30:E32) -> 220 | F33: =SUM(F30:F32) -> 6.45 | G33: =SUM(G30:G32) -> 35.685 | H33: =SUM(H30:H32) -> 5.16
B35: 🌙 Jantar 20:30h
B36: 🌙 Jantar | C36: Macarrão cozido | D36: 150 | E36: =IFERROR(VLOOKUP(C36,_Listas!$C$2:$H$80,2,0)*D36/100,0) -> 237 | F36: =IFERROR(VLOOKUP(C36,_Listas!$C$2:$H$80,3,0)*D36/100,0) -> 7.2 | G36: =IFERROR(VLOOKUP(C36,_Listas!$C$2:$H$80,4,0)*D36/100,0) -> 47.55 | H36: =IFERROR(VLOOKUP(C36,_Listas!$C$2:$H$80,5,0)*D36/100,0) -> 1.2 | I36: 1 porção
C37: Carne bovina patinho grelhado | D37: 140 | E37: =IFERROR(VLOOKUP(C37,_Listas!$C$2:$H$80,2,0)*D37/100,0) -> 306.6 | F37: =IFERROR(VLOOKUP(C37,_Listas!$C$2:$H$80,3,0)*D37/100,0) -> 49 | G37: =IFERROR(VLOOKUP(C37,_Listas!$C$2:$H$80,4,0)*D37/100,0) -> 0 | H37: =IFERROR(VLOOKUP(C37,_Listas!$C$2:$H$80,5,0)*D37/100,0) -> 11.9 | I37: 1 bife
C38: Molho de tomate | D38: 100 | E38: =IFERROR(VLOOKUP(C38,_Listas!$C$2:$H$80,2,0)*D38/100,0) -> 35 | F38: =IFERROR(VLOOKUP(C38,_Listas!$C$2:$H$80,3,0)*D38/100,0) -> 1.5 | G38: =IFERROR(VLOOKUP(C38,_Listas!$C$2:$H$80,4,0)*D38/100,0) -> 7 | H38: =IFERROR(VLOOKUP(C38,_Listas!$C$2:$H$80,5,0)*D38/100,0) -> 0.3 | I38: 4 col. sopa
C39: Laranja pera | D39: 140 | E39: =IFERROR(VLOOKUP(C39,_Listas!$C$2:$H$80,2,0)*D39/100,0) -> 64.4 | F39: =IFERROR(VLOOKUP(C39,_Listas!$C$2:$H$80,3,0)*D39/100,0) -> 1.26 | G39: =IFERROR(VLOOKUP(C39,_Listas!$C$2:$H$80,4,0)*D39/100,0) -> 16.1 | H39: =IFERROR(VLOOKUP(C39,_Listas!$C$2:$H$80,5,0)*D39/100,0) -> 0.14 | I39: 1 unidade
B40: Subtotal 🌙 Jantar | D40: =SUM(D36:D39) -> 530 | E40: =SUM(E36:E39) -> 643 | F40: =SUM(F36:F39) -> 58.96 | G40: =SUM(G36:G39) -> 70.65 | H40: =SUM(H36:H39) -> 13.54
B42: 📊 TOTAL DO DIA | D42: =SUM(D9:D14,D18:D18,D22:D26,D30:D32,D36:D39) -> 2341 | E42: =SUM(E9:E14,E18:E18,E22:E26,E30:E32,E36:E39) -> 2230.6 | F42: =SUM(F9:F14,F18:F18,F22:F26,F30:F32,F36:F39) -> 153.55 | G42: =SUM(G9:G14,G18:G18,G22:G26,G30:G32,G36:G39) -> 267.955 | H42: =SUM(H9:H14,H18:H18,H22:H26,H30:H32,H36:H39) -> 59.46
B43: 🎯 Status calórico: | D43: =IF(E42<C4*0.9,"⚠️ Abaixo da meta",IF(E42<=C4,"✅ Na meta",IF(E42<=C4*1.1,"🟡 Ligeiramente acima","🔴 Acima da meta"))) -> 🔴 Acima da meta
B45: 📊 RESUMO POR REFEIÇÃO
B46: Refeição | C46: Kcal | D46: % do total | E46: Prot. | F46: Carb. | G46: Gord. | H46: Horário
B47: ☕ Café da Manhã | C47: =SUM(E9:E14) -> 382.7 | D47: =IFERROR(C47/E42,0) -> 0.17156819 | E47: =SUM(F9:F14) -> 18.29 | F47: =SUM(G9:G14) -> 46.98 | G47: =SUM(H9:H14) -> 14.09 | H47: 08:00h
B48: 🍌 Lanche | C48: =SUM(E18:E18) -> 201 | D48: =IFERROR(C48/E42,0) -> 0.090110284 | E48: =SUM(F18:F18) -> 20.1 | F48: =SUM(G18:G18) -> 30 | G48: =SUM(H18:H18) -> 0 | H48: 10:00h
B49: 🥗 Almoço | C49: =SUM(E22:E26) -> 783.9 | D49: =IFERROR(C49/E42,0) -> 0.35143011 | E49: =SUM(F22:F26) -> 49.75 | F49: =SUM(G22:G26) -> 84.64 | G49: =SUM(H22:H26) -> 26.67 | H49: 13:00h
B50: ☕ Café da Tarde | C50: =SUM(E30:E32) -> 220 | D50: =IFERROR(C50/E42,0) -> 0.098628172 | E50: =SUM(F30:F32) -> 6.45 | F50: =SUM(G30:G32) -> 35.685 | G50: =SUM(H30:H32) -> 5.16 | H50: 18:00h
B51: 🌙 Jantar | C51: =SUM(E36:E39) -> 643 | D51: =IFERROR(C51/E42,0) -> 0.28826325 | E51: =SUM(F36:F39) -> 58.96 | F51: =SUM(G36:G39) -> 70.65 | G51: =SUM(H36:H39) -> 13.54 | H51: 20:30h

Sheet 🔄 Substituição
B2: 🔄 TABELA DE SUBSTITUIÇÃO DE ALIMENTOS — Valores por 100g (Fonte: TACO/IBGE)
B3: Compare alimentos da mesma categoria. Use a CALCULADORA abaixo para ver as calorias de qualquer porção antes de substituir.
B5: 🧮 CALCULADORA DE SUBSTITUIÇÃO — Compare dois alimentos em qualquer porção
B6: Alimento A (original): | C6: ▼ escolha | E6: 100 | F6: (g) | G6: =IFERROR(VLOOKUP(C6,_Listas!$C$2:$H$80,2,0)*E6/100,0) -> 0
B7: Alimento B (substituto): | C7: ▼ escolha | E7: 100 | F7: (g) | G7: =IFERROR(VLOOKUP(C7,_Listas!$C$2:$H$80,2,0)*E7/100,0) -> 0
B8: Diferença calórica A → B: | G8: =IFERROR(G7-G6,0) -> 0
B10: 🌾 Carboidratos (Almoço / Jantar)
B11: Alimento | C11: Kcal /100g | D11: Prot. (g) | E11: Carb. (g) | F11: Gord. (g) | G11: Fibra (g) | H11: Kcal p/ porção →
B12: Digite a porção desejada (g) → | C12: 100 | H12: ← edite a porção
B13: Aipim cozido | C13: 149 | D13: 0.9 | E13: 35.3 | F13: 0.3 | G13: 1.9 | H13: =IFERROR(C13*C12/100,0) -> 149
B14: Arroz branco cozido | C14: 128 | D14: 2.5 | E14: 28.1 | F14: 0.2 | G14: 1.6 | H14: =IFERROR(C14*C12/100,0) -> 128
B15: Arroz integral cozido | C15: 124 | D15: 2.6 | E15: 25.8 | F15: 1 | G15: 2.7 | H15: =IFERROR(C15*C12/100,0) -> 124
B16: Batata doce assada | C16: 118 | D16: 1.6 | E16: 27.5 | F16: 0.1 | G16: 3 | H16: =IFERROR(C16*C12/100,0) -> 118
B17: Batata inglesa assada | C17: 93 | D17: 2.5 | E17: 21 | F17: 0.1 | G17: 1.8 | H17: =IFERROR(C17*C12/100,0) -> 93
B18: Batata inglesa cozida | C18: 87 | D18: 1.9 | E18: 19.7 | F18: 0.1 | G18: 1.8 | H18: =IFERROR(C18*C12/100,0) -> 87
B19: Cuscuz de milho cozido | C19: 127 | D19: 3 | E19: 27.6 | F19: 0.6 | G19: 1.8 | H19: =IFERROR(C19*C12/100,0) -> 127
B20: Macarrão cozido | C20: 158 | D20: 4.8 | E20: 31.7 | F20: 0.8 | G20: 1.5 | H20: =IFERROR(C20*C12/100,0) -> 158
B21: Macarrão integral cozido | C21: 141 | D21: 5.2 | E21: 28.6 | F21: 1.1 | G21: 3.2 | H21: =IFERROR(C21*C12/100,0) -> 141
B22: Moranga cozida | C22: 26 | D22: 0.7 | E22: 6 | F22: 0.1 | G22: 2 | H22: =IFERROR(C22*C12/100,0) -> 26
B23: Polenta cozida | C23: 70 | D23: 1.6 | E23: 15.2 | F23: 0.3 | G23: 1 | H23: =IFERROR(C23*C12/100,0) -> 70
B25: 🍎 Frutas
B26: Alimento | C26: Kcal /100g | D26: Prot. (g) | E26: Carb. (g) | F26: Gord. (g) | G26: Fibra (g) | H26: Kcal p/ porção →
B27: Digite a porção desejada (g) → | C27: 100 | H27: ← edite a porção
B28: Abacate | C28: 160 | D28: 1.2 | E28: 6 | F28: 14.7 | G28: 6.2 | H28: =IFERROR(C28*C27/100,0) -> 160
B29: Abacaxi | C29: 48 | D29: 0.9 | E29: 12.3 | F29: 0.1 | G29: 1 | H29: =IFERROR(C29*C27/100,0) -> 48
B30: Ameixa | C30: 55 | D30: 0.8 | E30: 13.9 | F30: 0.2 | G30: 1.7 | H30: =IFERROR(C30*C27/100,0) -> 55
B31: Banana | C31: 92 | D31: 1.3 | E31: 23.8 | F31: 0.1 | G31: 1.9 | H31: =IFERROR(C31*C27/100,0) -> 92
B32: Bergamota | C32: 38 | D32: 0.7 | E32: 9.3 | F32: 0.1 | G32: 1.8 | H32: =IFERROR(C32*C27/100,0) -> 38
B33: Caqui | C33: 70 | D33: 0.5 | E33: 18.6 | F33: 0.2 | G33: 3.6 | H33: =IFERROR(C33*C27/100,0) -> 70
B34: Caqui chocolate | C34: 74 | D34: 0.6 | E34: 19.5 | F34: 0.2 | G34: 3.6 | H34: =IFERROR(C34*C27/100,0) -> 74
B35: Carambola | C35: 31 | D35: 0.5 | E35: 7.4 | F35: 0.1 | G35: 2.8 | H35: =IFERROR(C35*C27/100,0) -> 31
B36: Goiaba | C36: 54 | D36: 2.6 | E36: 10.1 | F36: 0.5 | G36: 6 | H36: =IFERROR(C36*C27/100,0) -> 54
B37: Kiwi | C37: 61 | D37: 1.1 | E37: 14.7 | F37: 0.6 | G37: 3 | H37: =IFERROR(C37*C27/100,0) -> 61
B38: Laranja pera | C38: 46 | D38: 0.9 | E38: 11.5 | F38: 0.1 | G38: 2.2 | H38: =IFERROR(C38*C27/100,0) -> 46
B39: Maçã com casca | C39: 56 | D39: 0.3 | E39: 14.9 | F39: 0.1 | G39: 1.8 | H39: =IFERROR(C39*C27/100,0) -> 56
B40: Mamão papaya | C40: 45 | D40: 0.5 | E40: 11.9 | F40: 0.1 | G40: 1.8 | H40: =IFERROR(C40*C27/100,0) -> 45
B41: Manga | C41: 64 | D41: 0.6 | E41: 16.9 | F41: 0.3 | G41: 1.4 | H41: =IFERROR(C41*C27/100,0) -> 64
B42: Melancia | C42: 33 | D42: 0.7 | E42: 8 | F42: 0.2 | G42: 0.3 | H42: =IFERROR(C42*C27/100,0) -> 33
B43: Melão | C43: 29 | D43: 0.7 | E43: 7.4 | F43: 0.1 | G43: 0.3 | H43: =IFERROR(C43*C27/100,0) -> 29
B44: Morango | C44: 30 | D44: 0.8 | E44: 7.1 | F44: 0.3 | G44: 2.1 | H44: =IFERROR(C44*C27/100,0) -> 30
B45: Pera | C45: 53 | D45: 0.4 | E45: 13.6 | F45: 0.1 | G45: 3 | H45: =IFERROR(C45*C27/100,0) -> 53
B46: Pêssego | C46: 43 | D46: 1.2 | E46: 9.4 | F46: 0.1 | G46: 2.1 | H46: =IFERROR(C46*C27/100,0) -> 43
B47: Pitaia | C47: 60 | D47: 1.2 | E47: 13.2 | F47: 0.4 | G47: 2.9 | H47: =IFERROR(C47*C27/100,0) -> 60
B48: Uva itália | C48: 70 | D48: 0.9 | E48: 17.5 | F48: 0.4 | G48: 0.9 | H48: =IFERROR(C48*C27/100,0) -> 70
B50: 🍞 Pães e Torradas
B51: Alimento | C51: Kcal /100g | D51: Prot. (g) | E51: Carb. (g) | F51: Gord. (g) | G51: Fibra (g) | H51: Kcal p/ porção →
B52: Digite a porção desejada (g) → | C52: 100 | H52: ← edite a porção
B53: Pão francês | C53: 300 | D53: 8 | E53: 58.6 | F53: 3.1 | G53: 2.3 | H53: =IFERROR(C53*C52/100,0) -> 300
B54: Pão integral | C54: 253 | D54: 8.8 | E54: 46.7 | F54: 3.5 | G54: 5.7 | H54: =IFERROR(C54*C52/100,0) -> 253
B55: Pão de hambúrguer | C55: 280 | D55: 8 | E55: 50 | F55: 5 | G55: 2 | H55: =IFERROR(C55*C52/100,0) -> 280
B56: Torrada integral Bauducco | C56: 390 | D56: 11 | E56: 74 | F56: 5.5 | G56: 5 | H56: =IFERROR(C56*C52/100,0) -> 390
B57: Torrada Magic Toast integral | C57: 380 | D57: 11.5 | E57: 72 | F57: 4.8 | G57: 6 | H57: =IFERROR(C57*C52/100,0) -> 380
B58: Tapioca de goma | C58: 354 | D58: 0.1 | E58: 87.8 | F58: 0.3 | G58: 0.2 | H58: =IFERROR(C58*C52/100,0) -> 354
B60: 🥩 Proteínas
B61: Alimento | C61: Kcal /100g | D61: Prot. (g) | E61: Carb. (g) | F61: Gord. (g) | G61: Fibra (g) | H61: Kcal p/ porção →
B62: Digite a porção desejada (g) → | C62: 100 | H62: ← edite a porção
B63: Alcatra grelhada | C63: 237 | D63: 32.8 | E63: 0 | F63: 11.4 | G63: 0 | H63: =IFERROR(C63*C62/100,0) -> 237
B64: Alcatra suína assada | C64: 245 | D64: 30 | E64: 0 | F64: 14 | G64: 0 | H64: =IFERROR(C64*C62/100,0) -> 245
B65: Atum enlatado ao natural | C65: 119 | D65: 26.3 | E65: 0 | F65: 1.3 | G65: 0 | H65: =IFERROR(C65*C62/100,0) -> 119
B66: Bife contrafilé grelhado | C66: 237 | D66: 32.8 | E66: 0 | F66: 11.4 | G66: 0 | H66: =IFERROR(C66*C62/100,0) -> 237
B67: Camarão cozido | C67: 115 | D67: 24.4 | E67: 0 | F67: 1.5 | G67: 0 | H67: =IFERROR(C67*C62/100,0) -> 115
B68: Camarão grelhado | C68: 120 | D68: 25 | E68: 0 | F68: 1.8 | G68: 0 | H68: =IFERROR(C68*C62/100,0) -> 120
B69: Carne bovina patinho grelhado | C69: 219 | D69: 35 | E69: 0 | F69: 8.5 | G69: 0 | H69: =IFERROR(C69*C62/100,0) -> 219
B70: Fígado bovino | C70: 134 | D70: 22.5 | E70: 3.9 | F70: 3.8 | G70: 0 | H70: =IFERROR(C70*C62/100,0) -> 134
B71: Filé de frango grelhado | C71: 163 | D71: 31.5 | E71: 0 | F71: 3.7 | G71: 0 | H71: =IFERROR(C71*C62/100,0) -> 163
B72: Lombo suíno assado | C72: 206 | D72: 29 | E72: 0 | F72: 9.5 | G72: 0 | H72: =IFERROR(C72*C62/100,0) -> 206
B73: Lombo suíno cozido | C73: 195 | D73: 28 | E73: 0 | F73: 8.8 | G73: 0 | H73: =IFERROR(C73*C62/100,0) -> 195
B74: Moela de galinha cozida | C74: 140 | D74: 26 | E74: 0 | F74: 3.5 | G74: 0 | H74: =IFERROR(C74*C62/100,0) -> 140
B75: Ovo de galinha cozido | C75: 146 | D75: 13.3 | E75: 0.6 | F75: 10 | G75: 0 | H75: =IFERROR(C75*C62/100,0) -> 146
B76: Paleta bovina | C76: 225 | D76: 28 | E76: 0 | F76: 12 | G76: 0 | H76: =IFERROR(C76*C62/100,0) -> 225
B77: Peito de galinha assado | C77: 163 | D77: 31.5 | E77: 0 | F77: 3.7 | G77: 0 | H77: =IFERROR(C77*C62/100,0) -> 163
B78: Peito de galinha cozido | C78: 159 | D78: 32 | E78: 0 | F78: 3.2 | G78: 0 | H78: =IFERROR(C78*C62/100,0) -> 159
B79: Peixe assado | C79: 122 | D79: 24 | E79: 0 | F79: 2.5 | G79: 0 | H79: =IFERROR(C79*C62/100,0) -> 122
B80: Peixe grelhado | C80: 128 | D80: 25 | E80: 0 | F80: 2.8 | G80: 0 | H80: =IFERROR(C80*C62/100,0) -> 128
B81: Pernil suíno assado | C81: 232 | D81: 27 | E81: 0 | F81: 13 | G81: 0 | H81: =IFERROR(C81*C62/100,0) -> 232
B82: Salmão cozido/assado | C82: 246 | D82: 27.3 | E82: 0 | F82: 15 | G82: 0 | H82: =IFERROR(C82*C62/100,0) -> 246
B83: Sobrecoxa de frango grelhada | C83: 215 | D83: 21 | E83: 0 | F83: 14 | G83: 0 | H83: =IFERROR(C83*C62/100,0) -> 215
